selection1_name,selection1_url
Connection issue router,
,
,
"Ann WelshJan 6, 2019, 4:46 PM
I have a Linksys E1200 and I am having to do a cold boot (unplug it and replug it in the reset button does not work) to it about every week. I will have internet(wireless) on my device and then one of them will claim that it is not getting signal (connecting, saved, secerd over and over again) I will have signal on the other device (never the same device each time). I cannot look at the settings for the router even when though I still have internet when connected though I can still search the web. I have already updated the firmware. I was wondering what I could do to fix this issue.",
"Ann WelshJan 6, 2019, 4:46 PM",
Ann Welsh,
Ann Welsh,
"Jan 6, 2019, 4:46 PM",
"Jan 6, 2019, 4:46 PM",
"I have a Linksys E1200 and I am having to do a cold boot (unplug it and replug it in the reset button does not work) to it about every week. I will have internet(wireless) on my device and then one of them will claim that it is not getting signal (connecting, saved, secerd over and over again) I will have signal on the other device (never the same device each time). I cannot look at the settings for the router even when though I still have internet when connected though I can still search the web. I have already updated the firmware. I was wondering what I could do to fix this issue.",
19 answers,
19,
"Last reply Jan 12, 2019",
Last reply,
"Jan 12, 2019",
"Jan 12, 2019",
More about,
connection issue router,
,
"Rogue LeaderJan 8, 2019, 8:29 PM
As suggested to you in discord:
1. Reset all settings back to stock, follow the basic setup procedures, do not limit your IP addresses or anything else, let the router's DHCP do the work
2. Ensure the Router's IP address is not within your DHCP range
3. If its still doing this, check the router's settings to ensure the router is releasing assigned IP addresses.
4. You may not get an answer from someone who has used this router here before, it is worth contacting Linksys tech support. There is a possibility that the router has an unfixable issue, and will need to be warrantied or replaced.
Ann WelshJan 8, 2019, 8:52 PM
Rogue Leader said:
As suggested to you in discord:
1. Reset all settings back to stock, follow the basic setup procedures, do not limit your IP addresses or anything else, let the router's DHCP do the work Done that and a week later did the same effing thing
2. Ensure the Router's IP address is not within your DHCP range not within range
3. If its still doing this, check the router's settings to ensure the router is releasing assigned IP addresses. It is as the device reconnect to the address they have had before
4. You may not get an answer from someone who has used this router here before, it is worth contacting Linksys tech support. There is a possibility that the router has an unfixable issue, and will need to be warrantied or replaced.
Had it too long for them to help
Related Resources
Router connection/speed issue?
Connection speed issue with Netgear Wireless-N 300 Router with DSL Modem
Issue from sharing internet connection from computer to router when the computer is turned off
router connection issue
Simple (!) 2 router connection issue
Can't find your answer ? Ask !
Get the answer
Rogue LeaderJan 9, 2019, 7:14 AM
Ann Welsh said:
Had it too long for them to help
Again, please try what i suggested and reply directly to each step. If you don't do this I cannot help you.
popatimJan 9, 2019, 2:19 PM
Try Updating the Firmware.
https://www.linksys.com/us/support-article?articleNum=148523
Ann WelshJan 9, 2019, 6:41 PM
popatim said:
Try Updating the Firmware.
https://www.linksys.com/us/support-article?articleNum=148523
Last part says ""I have already updated the firmware. I was wondering what I could do to fix this issue.""
Ann WelshJan 9, 2019, 6:42 PM
Rogue Leader said:
As suggested to you in discord:
1. Reset all settings back to stock, follow the basic setup procedures, do not limit your IP addresses or anything else, let the router's DHCP do the work I HAVE ALREADY DONE THIS AND HAD THE SAME ISSUE
2. Ensure the Router's IP address is not within your DHCP range I HAVE CHECK IT IS NOT IN THE RANGE
3. If its still doing this, check the router's settings to ensure the router is releasing assigned IP addresses. THE DEVICE ARE BEING GIVING THE SAME IP ADDRESS
4. You may not get an answer from someone who has used this router here before, it is worth contacting Linksys tech support. There is a possibility that the router has an unfixable issue, and will need to be warrantied or replaced.
Rogue LeaderJan 9, 2019, 8:28 PM
Ann Welsh said:
3. If its still doing this, check the router's settings to ensure the router is releasing assigned IP addresses. THE DEVICE ARE BEING GIVING THE SAME IP ADDRESS
Are you saying they are getting conflicting IP addresses?
Ann WelshJan 11, 2019, 2:00 PM
No. Say device 1 has 1.111.1.101 and device two has .102 the issue happens unplug replug device one has 101 device two has 102
Rogue LeaderJan 11, 2019, 2:12 PM
Ok at this point you need Linksys involved, it sounds like your router is defective.
Ann WelshJan 11, 2019, 4:05 PM
too old
Rogue LeaderJan 11, 2019, 5:33 PM
Ann Welsh said:
too old
If their tech support hasn't responded, then maybe its time to consider a replacement, and a different brand. I use D-Link and have not had problems.
Ann WelshJan 11, 2019, 6:12 PM
Rogue Leader said:
Ann Welsh said:
too old
If their tech support hasn't responded, then maybe its time to consider a replacement, and a different brand. I use D-Link and have not had problems.
Not everyone can just go buy a new router aftyer less then having a router less then a year
Gam3r01Jan 11, 2019, 6:15 PM
Routers arent all that expensive.
But on a more important note, if that router is less than a year old then it is most certainly under warranty, which is default 1 year.
Ann WelshJan 11, 2019, 6:19 PM
been told it is not under anything
Gam3r01Jan 11, 2019, 6:20 PM
Call again:
https://www.linksys.com/us/support-article/?articleNum=135959
If its under 1 year its covered.
Ann WelshJan 11, 2019, 6:25 PM
Gam3r01 said:
Call again:
https://www.linksys.com/us/support-article/?articleNum=135959
If its under 1 year its covered.
I was tolkd it is not covered because I did not sign up for warrenty with it
Gam3r01Jan 11, 2019, 6:33 PM
Read the warranty terms, you dont have to sign up for anything.
Rogue LeaderJan 11, 2019, 8:17 PM
Ann Welsh said:
Not everyone can just go buy a new router aftyer less then having a router less then a year
When you say something like ""too old"" after you tell me you contacted linksys and they never contact you back, then you get the assumption that the router is beyond warranty.
As Gamer pointed out the router is still under warranty, clearly you have an issue that can be solved by the warranty.
As for me, I have been helping you since you first asked this question on discord and you have done nothing but ignore me and treat me with disrespect by not even giving me the courtesy of providing me with the complete story or answering my questions.
So, I'm done with you and this thread, call linksys, good luck.
Ann WelshJan 12, 2019, 12:13 PM
Rogue Leader said:
Ann Welsh said:
Not everyone can just go buy a new router aftyer less then having a router less then a year
When you say something like ""too old"" after you tell me you contacted linksys and they never contact you back, then you get the assumption that the router is beyond warranty.
As Gamer pointed out the router is still under warranty, clearly you have an issue that can be solved by the warranty.
As for me, I have been helping you since you first asked this question on discord and you have done nothing but ignore me and treat me with disrespect by not even giving me the courtesy of providing me with the complete story or answering my questions.
So, I'm done with you and this thread, call linksys, good luck.
Fine be done with me. I am done with rude people that think they know it all even after someone has told them some MANY times",
"Rogue LeaderJan 8, 2019, 8:29 PM
As suggested to you in discord:
1. Reset all settings back to stock, follow the basic setup procedures, do not limit your IP addresses or anything else, let the router's DHCP do the work
2. Ensure the Router's IP address is not within your DHCP range
3. If its still doing this, check the router's settings to ensure the router is releasing assigned IP addresses.
4. You may not get an answer from someone who has used this router here before, it is worth contacting Linksys tech support. There is a possibility that the router has an unfixable issue, and will need to be warrantied or replaced.",
"Rogue LeaderJan 8, 2019, 8:29 PM
As suggested to you in discord:
1. Reset all settings back to stock, follow the basic setup procedures, do not limit your IP addresses or anything else, let the router's DHCP do the work
2. Ensure the Router's IP address is not within your DHCP range
3. If its still doing this, check the router's settings to ensure the router is releasing assigned IP addresses.
4. You may not get an answer from someone who has used this router here before, it is worth contacting Linksys tech support. There is a possibility that the router has an unfixable issue, and will need to be warrantied or replaced.",
"Rogue LeaderJan 8, 2019, 8:29 PM
As suggested to you in discord:
1. Reset all settings back to stock, follow the basic setup procedures, do not limit your IP addresses or anything else, let the router's DHCP do the work
2. Ensure the Router's IP address is not within your DHCP range
3. If its still doing this, check the router's settings to ensure the router is releasing assigned IP addresses.
4. You may not get an answer from someone who has used this router here before, it is worth contacting Linksys tech support. There is a possibility that the router has an unfixable issue, and will need to be warrantied or replaced.",
"Rogue LeaderJan 8, 2019, 8:29 PM",
Rogue Leader,
Rogue Leader,
"Jan 8, 2019, 8:29 PM",http://www.tomshardware.com/answers/id-3862316/connection-issue-router.html#r21659307
"Jan 8, 2019, 8:29 PM",http://www.tomshardware.com/answers/id-3862316/connection-issue-router.html#r21659307
"As suggested to you in discord:
1. Reset all settings back to stock, follow the basic setup procedures, do not limit your IP addresses or anything else, let the router's DHCP do the work
2. Ensure the Router's IP address is not within your DHCP range
3. If its still doing this, check the router's settings to ensure the router is releasing assigned IP addresses.
4. You may not get an answer from someone who has used this router here before, it is worth contacting Linksys tech support. There is a possibility that the router has an unfixable issue, and will need to be warrantied or replaced.",
"Ann WelshJan 8, 2019, 8:52 PM
Rogue Leader said:
As suggested to you in discord:
1. Reset all settings back to stock, follow the basic setup procedures, do not limit your IP addresses or anything else, let the router's DHCP do the work Done that and a week later did the same effing thing
2. Ensure the Router's IP address is not within your DHCP range not within range
3. If its still doing this, check the router's settings to ensure the router is releasing assigned IP addresses. It is as the device reconnect to the address they have had before
4. You may not get an answer from someone who has used this router here before, it is worth contacting Linksys tech support. There is a possibility that the router has an unfixable issue, and will need to be warrantied or replaced.
Had it too long for them to help",
"Ann WelshJan 8, 2019, 8:52 PM
Rogue Leader said:
As suggested to you in discord:
1. Reset all settings back to stock, follow the basic setup procedures, do not limit your IP addresses or anything else, let the router's DHCP do the work Done that and a week later did the same effing thing
2. Ensure the Router's IP address is not within your DHCP range not within range
3. If its still doing this, check the router's settings to ensure the router is releasing assigned IP addresses. It is as the device reconnect to the address they have had before
4. You may not get an answer from someone who has used this router here before, it is worth contacting Linksys tech support. There is a possibility that the router has an unfixable issue, and will need to be warrantied or replaced.
Had it too long for them to help",
"Ann WelshJan 8, 2019, 8:52 PM
Rogue Leader said:
As suggested to you in discord:
1. Reset all settings back to stock, follow the basic setup procedures, do not limit your IP addresses or anything else, let the router's DHCP do the work Done that and a week later did the same effing thing
2. Ensure the Router's IP address is not within your DHCP range not within range
3. If its still doing this, check the router's settings to ensure the router is releasing assigned IP addresses. It is as the device reconnect to the address they have had before
4. You may not get an answer from someone who has used this router here before, it is worth contacting Linksys tech support. There is a possibility that the router has an unfixable issue, and will need to be warrantied or replaced.
Had it too long for them to help",
"Ann WelshJan 8, 2019, 8:52 PM",
Ann Welsh,
Ann Welsh,
"Jan 8, 2019, 8:52 PM",http://www.tomshardware.com/answers/id-3862316/connection-issue-router.html#r21659350
"Jan 8, 2019, 8:52 PM",http://www.tomshardware.com/answers/id-3862316/connection-issue-router.html#r21659350
"Rogue Leader said:
As suggested to you in discord:
1. Reset all settings back to stock, follow the basic setup procedures, do not limit your IP addresses or anything else, let the router's DHCP do the work Done that and a week later did the same effing thing
2. Ensure the Router's IP address is not within your DHCP range not within range
3. If its still doing this, check the router's settings to ensure the router is releasing assigned IP addresses. It is as the device reconnect to the address they have had before
4. You may not get an answer from someone who has used this router here before, it is worth contacting Linksys tech support. There is a possibility that the router has an unfixable issue, and will need to be warrantied or replaced.
Had it too long for them to help",
"Rogue Leader said:
As suggested to you in discord:
1. Reset all settings back to stock, follow the basic setup procedures, do not limit your IP addresses or anything else, let the router's DHCP do the work Done that and a week later did the same effing thing
2. Ensure the Router's IP address is not within your DHCP range not within range
3. If its still doing this, check the router's settings to ensure the router is releasing assigned IP addresses. It is as the device reconnect to the address they have had before
4. You may not get an answer from someone who has used this router here before, it is worth contacting Linksys tech support. There is a possibility that the router has an unfixable issue, and will need to be warrantied or replaced.",
Rogue Leader said:,
Rogue Leader,
"As suggested to you in discord:
1. Reset all settings back to stock, follow the basic setup procedures, do not limit your IP addresses or anything else, let the router's DHCP do the work Done that and a week later did the same effing thing
2. Ensure the Router's IP address is not within your DHCP range not within range
3. If its still doing this, check the router's settings to ensure the router is releasing assigned IP addresses. It is as the device reconnect to the address they have had before
4. You may not get an answer from someone who has used this router here before, it is worth contacting Linksys tech support. There is a possibility that the router has an unfixable issue, and will need to be warrantied or replaced.",
"Related Resources
Router connection/speed issue?
Connection speed issue with Netgear Wireless-N 300 Router with DSL Modem
Issue from sharing internet connection from computer to router when the computer is turned off
router connection issue
Simple (!) 2 router connection issue",
Related Resources,
"solved Router connection/speed issue?
solved Connection speed issue with Netgear Wireless-N 300 Router with DSL Modem
solved Issue from sharing internet connection from computer to router when the computer is turned off
solved router connection issue
solved Simple (!) 2 router connection issue",
"solved Router connection/speed issue?
solved Connection speed issue with Netgear Wireless-N 300 Router with DSL Modem
solved Issue from sharing internet connection from computer to router when the computer is turned off
solved router connection issue
solved Simple (!) 2 router connection issue",
solved Router connection/speed issue?,
solved Router connection/speed issue?,http://www.tomshardware.com/answers/id-3500744/router-connection-speed-issue.html
solved,http://www.tomshardware.com/answers/id-3500744/router-connection-speed-issue.html
Router connection/speed issue?,http://www.tomshardware.com/answers/id-3500744/router-connection-speed-issue.html
solved Connection speed issue with Netgear Wireless-N 300 Router with DSL Modem,
solved Connection speed issue with Netgear Wireless-N 300 Router with DSL Modem,http://www.tomshardware.com/answers/id-3484321/connection-speed-issue-netgear-wireless-300-router-dsl-modem.html
solved,http://www.tomshardware.com/answers/id-3484321/connection-speed-issue-netgear-wireless-300-router-dsl-modem.html
Connection speed issue with Netgear Wireless-N 300 Router with DSL Modem,http://www.tomshardware.com/answers/id-3484321/connection-speed-issue-netgear-wireless-300-router-dsl-modem.html
solved Issue from sharing internet connection from computer to router when the computer is turned off,
solved Issue from sharing internet connection from computer to router when the computer is turned off,http://www.tomshardware.com/answers/id-3468178/issue-sharing-internet-connection-computer-router-computer-turned.html
solved,http://www.tomshardware.com/answers/id-3468178/issue-sharing-internet-connection-computer-router-computer-turned.html
Issue from sharing internet connection from computer to router when the computer is turned off,http://www.tomshardware.com/answers/id-3468178/issue-sharing-internet-connection-computer-router-computer-turned.html
solved router connection issue,
solved router connection issue,http://www.tomshardware.com/answers/id-3448443/router-connection-issue.html
solved,http://www.tomshardware.com/answers/id-3448443/router-connection-issue.html
router connection issue,http://www.tomshardware.com/answers/id-3448443/router-connection-issue.html
solved Simple (!) 2 router connection issue,
solved Simple (!) 2 router connection issue,http://www.tomshardware.com/answers/id-3316096/simple-router-connection-issue.html
solved,http://www.tomshardware.com/answers/id-3316096/simple-router-connection-issue.html
Simple (!) 2 router connection issue,http://www.tomshardware.com/answers/id-3316096/simple-router-connection-issue.html
"Can't find your answer ? Ask !
Get the answer",
Can't find your answer ? Ask !,
Get the answer,
Get the answer,
"Rogue LeaderJan 9, 2019, 7:14 AM
Ann Welsh said:
Had it too long for them to help
Again, please try what i suggested and reply directly to each step. If you don't do this I cannot help you.",
"Rogue LeaderJan 9, 2019, 7:14 AM
Ann Welsh said:
Had it too long for them to help
Again, please try what i suggested and reply directly to each step. If you don't do this I cannot help you.",
"Rogue LeaderJan 9, 2019, 7:14 AM
Ann Welsh said:
Had it too long for them to help
Again, please try what i suggested and reply directly to each step. If you don't do this I cannot help you.",
"Rogue LeaderJan 9, 2019, 7:14 AM",
Rogue Leader,
Rogue Leader,
"Jan 9, 2019, 7:14 AM",http://www.tomshardware.com/answers/id-3862316/connection-issue-router.html#r21660455
"Jan 9, 2019, 7:14 AM",http://www.tomshardware.com/answers/id-3862316/connection-issue-router.html#r21660455
"Ann Welsh said:
Had it too long for them to help
Again, please try what i suggested and reply directly to each step. If you don't do this I cannot help you.",
"Ann Welsh said:
Had it too long for them to help",
Ann Welsh said:,
Ann Welsh,
Had it too long for them to help,
"popatimJan 9, 2019, 2:19 PM
Try Updating the Firmware.
https://www.linksys.com/us/support-article?articleNum=148523",
"popatimJan 9, 2019, 2:19 PM
Try Updating the Firmware.
https://www.linksys.com/us/support-article?articleNum=148523",
"popatimJan 9, 2019, 2:19 PM
Try Updating the Firmware.
https://www.linksys.com/us/support-article?articleNum=148523",
"popatimJan 9, 2019, 2:19 PM",
popatim,
popatim,
"Jan 9, 2019, 2:19 PM",http://www.tomshardware.com/answers/id-3862316/connection-issue-router.html#r21661785
"Jan 9, 2019, 2:19 PM",http://www.tomshardware.com/answers/id-3862316/connection-issue-router.html#r21661785
"Try Updating the Firmware.
https://www.linksys.com/us/support-article?articleNum=148523",
https://www.linksys.com/us/support-article?articleNum=148523,https://www.linksys.com/us/support-article?articleNum=148523
"Ann WelshJan 9, 2019, 6:41 PM
popatim said:
Try Updating the Firmware.
https://www.linksys.com/us/support-article?articleNum=148523
Last part says ""I have already updated the firmware. I was wondering what I could do to fix this issue.""",
"Ann WelshJan 9, 2019, 6:41 PM
popatim said:
Try Updating the Firmware.
https://www.linksys.com/us/support-article?articleNum=148523
Last part says ""I have already updated the firmware. I was wondering what I could do to fix this issue.""",
"Ann WelshJan 9, 2019, 6:41 PM
popatim said:
Try Updating the Firmware.
https://www.linksys.com/us/support-article?articleNum=148523
Last part says ""I have already updated the firmware. I was wondering what I could do to fix this issue.""",
"Ann WelshJan 9, 2019, 6:41 PM",
Ann Welsh,
Ann Welsh,
"Jan 9, 2019, 6:41 PM",http://www.tomshardware.com/answers/id-3862316/connection-issue-router.html#r21662457
"Jan 9, 2019, 6:41 PM",http://www.tomshardware.com/answers/id-3862316/connection-issue-router.html#r21662457
"popatim said:
Try Updating the Firmware.
https://www.linksys.com/us/support-article?articleNum=148523
Last part says ""I have already updated the firmware. I was wondering what I could do to fix this issue.""",
"popatim said:
Try Updating the Firmware.
https://www.linksys.com/us/support-article?articleNum=148523",
popatim said:,
popatim,
"Try Updating the Firmware.
https://www.linksys.com/us/support-article?articleNum=148523",
https://www.linksys.com/us/support-article?articleNum=148523,https://www.linksys.com/us/support-article?articleNum=148523
"Ann WelshJan 9, 2019, 6:42 PM
Rogue Leader said:
As suggested to you in discord:
1. Reset all settings back to stock, follow the basic setup procedures, do not limit your IP addresses or anything else, let the router's DHCP do the work I HAVE ALREADY DONE THIS AND HAD THE SAME ISSUE
2. Ensure the Router's IP address is not within your DHCP range I HAVE CHECK IT IS NOT IN THE RANGE
3. If its still doing this, check the router's settings to ensure the router is releasing assigned IP addresses. THE DEVICE ARE BEING GIVING THE SAME IP ADDRESS
4. You may not get an answer from someone who has used this router here before, it is worth contacting Linksys tech support. There is a possibility that the router has an unfixable issue, and will need to be warrantied or replaced.",
"Ann WelshJan 9, 2019, 6:42 PM
Rogue Leader said:
As suggested to you in discord:
1. Reset all settings back to stock, follow the basic setup procedures, do not limit your IP addresses or anything else, let the router's DHCP do the work I HAVE ALREADY DONE THIS AND HAD THE SAME ISSUE
2. Ensure the Router's IP address is not within your DHCP range I HAVE CHECK IT IS NOT IN THE RANGE
3. If its still doing this, check the router's settings to ensure the router is releasing assigned IP addresses. THE DEVICE ARE BEING GIVING THE SAME IP ADDRESS
4. You may not get an answer from someone who has used this router here before, it is worth contacting Linksys tech support. There is a possibility that the router has an unfixable issue, and will need to be warrantied or replaced.",
"Ann WelshJan 9, 2019, 6:42 PM
Rogue Leader said:
As suggested to you in discord:
1. Reset all settings back to stock, follow the basic setup procedures, do not limit your IP addresses or anything else, let the router's DHCP do the work I HAVE ALREADY DONE THIS AND HAD THE SAME ISSUE
2. Ensure the Router's IP address is not within your DHCP range I HAVE CHECK IT IS NOT IN THE RANGE
3. If its still doing this, check the router's settings to ensure the router is releasing assigned IP addresses. THE DEVICE ARE BEING GIVING THE SAME IP ADDRESS
4. You may not get an answer from someone who has used this router here before, it is worth contacting Linksys tech support. There is a possibility that the router has an unfixable issue, and will need to be warrantied or replaced.",
"Ann WelshJan 9, 2019, 6:42 PM",
Ann Welsh,
Ann Welsh,
"Jan 9, 2019, 6:42 PM",http://www.tomshardware.com/answers/id-3862316/connection-issue-router.html#r21662461
"Jan 9, 2019, 6:42 PM",http://www.tomshardware.com/answers/id-3862316/connection-issue-router.html#r21662461
"Rogue Leader said:
As suggested to you in discord:
1. Reset all settings back to stock, follow the basic setup procedures, do not limit your IP addresses or anything else, let the router's DHCP do the work I HAVE ALREADY DONE THIS AND HAD THE SAME ISSUE
2. Ensure the Router's IP address is not within your DHCP range I HAVE CHECK IT IS NOT IN THE RANGE
3. If its still doing this, check the router's settings to ensure the router is releasing assigned IP addresses. THE DEVICE ARE BEING GIVING THE SAME IP ADDRESS
4. You may not get an answer from someone who has used this router here before, it is worth contacting Linksys tech support. There is a possibility that the router has an unfixable issue, and will need to be warrantied or replaced.",
"Rogue Leader said:
As suggested to you in discord:
1. Reset all settings back to stock, follow the basic setup procedures, do not limit your IP addresses or anything else, let the router's DHCP do the work I HAVE ALREADY DONE THIS AND HAD THE SAME ISSUE
2. Ensure the Router's IP address is not within your DHCP range I HAVE CHECK IT IS NOT IN THE RANGE
3. If its still doing this, check the router's settings to ensure the router is releasing assigned IP addresses. THE DEVICE ARE BEING GIVING THE SAME IP ADDRESS
4. You may not get an answer from someone who has used this router here before, it is worth contacting Linksys tech support. There is a possibility that the router has an unfixable issue, and will need to be warrantied or replaced.",
Rogue Leader said:,
Rogue Leader,
"As suggested to you in discord:
1. Reset all settings back to stock, follow the basic setup procedures, do not limit your IP addresses or anything else, let the router's DHCP do the work I HAVE ALREADY DONE THIS AND HAD THE SAME ISSUE
2. Ensure the Router's IP address is not within your DHCP range I HAVE CHECK IT IS NOT IN THE RANGE
3. If its still doing this, check the router's settings to ensure the router is releasing assigned IP addresses. THE DEVICE ARE BEING GIVING THE SAME IP ADDRESS
4. You may not get an answer from someone who has used this router here before, it is worth contacting Linksys tech support. There is a possibility that the router has an unfixable issue, and will need to be warrantied or replaced.",
"Rogue LeaderJan 9, 2019, 8:28 PM
Ann Welsh said:
3. If its still doing this, check the router's settings to ensure the router is releasing assigned IP addresses. THE DEVICE ARE BEING GIVING THE SAME IP ADDRESS
Are you saying they are getting conflicting IP addresses?",
"Rogue LeaderJan 9, 2019, 8:28 PM
Ann Welsh said:
3. If its still doing this, check the router's settings to ensure the router is releasing assigned IP addresses. THE DEVICE ARE BEING GIVING THE SAME IP ADDRESS
Are you saying they are getting conflicting IP addresses?",
"Rogue LeaderJan 9, 2019, 8:28 PM
Ann Welsh said:
3. If its still doing this, check the router's settings to ensure the router is releasing assigned IP addresses. THE DEVICE ARE BEING GIVING THE SAME IP ADDRESS
Are you saying they are getting conflicting IP addresses?",
"Rogue LeaderJan 9, 2019, 8:28 PM",
Rogue Leader,
Rogue Leader,
"Jan 9, 2019, 8:28 PM",http://www.tomshardware.com/answers/id-3862316/connection-issue-router.html#r21662647
"Jan 9, 2019, 8:28 PM",http://www.tomshardware.com/answers/id-3862316/connection-issue-router.html#r21662647
"Ann Welsh said:
3. If its still doing this, check the router's settings to ensure the router is releasing assigned IP addresses. THE DEVICE ARE BEING GIVING THE SAME IP ADDRESS
Are you saying they are getting conflicting IP addresses?",
"Ann Welsh said:
3. If its still doing this, check the router's settings to ensure the router is releasing assigned IP addresses. THE DEVICE ARE BEING GIVING THE SAME IP ADDRESS",
Ann Welsh said:,
Ann Welsh,
"3. If its still doing this, check the router's settings to ensure the router is releasing assigned IP addresses. THE DEVICE ARE BEING GIVING THE SAME IP ADDRESS",
"Ann WelshJan 11, 2019, 2:00 PM
No. Say device 1 has 1.111.1.101 and device two has .102 the issue happens unplug replug device one has 101 device two has 102",
"Ann WelshJan 11, 2019, 2:00 PM
No. Say device 1 has 1.111.1.101 and device two has .102 the issue happens unplug replug device one has 101 device two has 102",
"Ann WelshJan 11, 2019, 2:00 PM
No. Say device 1 has 1.111.1.101 and device two has .102 the issue happens unplug replug device one has 101 device two has 102",
"Ann WelshJan 11, 2019, 2:00 PM",
Ann Welsh,
Ann Welsh,
"Jan 11, 2019, 2:00 PM",http://www.tomshardware.com/answers/id-3862316/connection-issue-router.html#r21668586
"Jan 11, 2019, 2:00 PM",http://www.tomshardware.com/answers/id-3862316/connection-issue-router.html#r21668586
No. Say device 1 has 1.111.1.101 and device two has .102 the issue happens unplug replug device one has 101 device two has 102,
"Rogue LeaderJan 11, 2019, 2:12 PM
Ok at this point you need Linksys involved, it sounds like your router is defective.",
"Rogue LeaderJan 11, 2019, 2:12 PM
Ok at this point you need Linksys involved, it sounds like your router is defective.",
"Rogue LeaderJan 11, 2019, 2:12 PM
Ok at this point you need Linksys involved, it sounds like your router is defective.",
"Rogue LeaderJan 11, 2019, 2:12 PM",
Rogue Leader,
Rogue Leader,
"Jan 11, 2019, 2:12 PM",http://www.tomshardware.com/answers/id-3862316/connection-issue-router.html#r21668612
"Jan 11, 2019, 2:12 PM",http://www.tomshardware.com/answers/id-3862316/connection-issue-router.html#r21668612
"Ok at this point you need Linksys involved, it sounds like your router is defective.",
"Ann WelshJan 11, 2019, 4:05 PM
too old",
"Ann WelshJan 11, 2019, 4:05 PM
too old",
"Ann WelshJan 11, 2019, 4:05 PM
too old",
"Ann WelshJan 11, 2019, 4:05 PM",
Ann Welsh,
Ann Welsh,
"Jan 11, 2019, 4:05 PM",http://www.tomshardware.com/answers/id-3862316/connection-issue-router.html#r21668922
"Jan 11, 2019, 4:05 PM",http://www.tomshardware.com/answers/id-3862316/connection-issue-router.html#r21668922
too old,
"Rogue LeaderJan 11, 2019, 5:33 PM
Ann Welsh said:
too old
If their tech support hasn't responded, then maybe its time to consider a replacement, and a different brand. I use D-Link and have not had problems.",
"Rogue LeaderJan 11, 2019, 5:33 PM
Ann Welsh said:
too old
If their tech support hasn't responded, then maybe its time to consider a replacement, and a different brand. I use D-Link and have not had problems.",
"Rogue LeaderJan 11, 2019, 5:33 PM
Ann Welsh said:
too old
If their tech support hasn't responded, then maybe its time to consider a replacement, and a different brand. I use D-Link and have not had problems.",
"Rogue LeaderJan 11, 2019, 5:33 PM",
Rogue Leader,
Rogue Leader,
"Jan 11, 2019, 5:33 PM",http://www.tomshardware.com/answers/id-3862316/connection-issue-router.html#r21669147
"Jan 11, 2019, 5:33 PM",http://www.tomshardware.com/answers/id-3862316/connection-issue-router.html#r21669147
"Ann Welsh said:
too old
If their tech support hasn't responded, then maybe its time to consider a replacement, and a different brand. I use D-Link and have not had problems.",
"Ann Welsh said:
too old",
Ann Welsh said:,
Ann Welsh,
too old,
"Ann WelshJan 11, 2019, 6:12 PM
Rogue Leader said:
Ann Welsh said:
too old
If their tech support hasn't responded, then maybe its time to consider a replacement, and a different brand. I use D-Link and have not had problems.
Not everyone can just go buy a new router aftyer less then having a router less then a year",
"Ann WelshJan 11, 2019, 6:12 PM
Rogue Leader said:
Ann Welsh said:
too old
If their tech support hasn't responded, then maybe its time to consider a replacement, and a different brand. I use D-Link and have not had problems.
Not everyone can just go buy a new router aftyer less then having a router less then a year",
"Ann WelshJan 11, 2019, 6:12 PM
Rogue Leader said:
Ann Welsh said:
too old
If their tech support hasn't responded, then maybe its time to consider a replacement, and a different brand. I use D-Link and have not had problems.
Not everyone can just go buy a new router aftyer less then having a router less then a year",
"Ann WelshJan 11, 2019, 6:12 PM",
Ann Welsh,
Ann Welsh,
"Jan 11, 2019, 6:12 PM",http://www.tomshardware.com/answers/id-3862316/connection-issue-router.html#r21669295
"Jan 11, 2019, 6:12 PM",http://www.tomshardware.com/answers/id-3862316/connection-issue-router.html#r21669295
"Rogue Leader said:
Ann Welsh said:
too old
If their tech support hasn't responded, then maybe its time to consider a replacement, and a different brand. I use D-Link and have not had problems.
Not everyone can just go buy a new router aftyer less then having a router less then a year",
"Rogue Leader said:
Ann Welsh said:
too old
If their tech support hasn't responded, then maybe its time to consider a replacement, and a different brand. I use D-Link and have not had problems.",
Rogue Leader said:,
Rogue Leader,
"Ann Welsh said:
too old
If their tech support hasn't responded, then maybe its time to consider a replacement, and a different brand. I use D-Link and have not had problems.",
"Ann Welsh said:
too old",
Ann Welsh said:,
Ann Welsh,
too old,
"Gam3r01Jan 11, 2019, 6:15 PM
Routers arent all that expensive.
But on a more important note, if that router is less than a year old then it is most certainly under warranty, which is default 1 year.",
"Gam3r01Jan 11, 2019, 6:15 PM
Routers arent all that expensive.
But on a more important note, if that router is less than a year old then it is most certainly under warranty, which is default 1 year.",
"Gam3r01Jan 11, 2019, 6:15 PM
Routers arent all that expensive.
But on a more important note, if that router is less than a year old then it is most certainly under warranty, which is default 1 year.",
"Gam3r01Jan 11, 2019, 6:15 PM",
Gam3r01,
Gam3r01,
"Jan 11, 2019, 6:15 PM",http://www.tomshardware.com/answers/id-3862316/connection-issue-router.html#r21669305
"Jan 11, 2019, 6:15 PM",http://www.tomshardware.com/answers/id-3862316/connection-issue-router.html#r21669305
"Routers arent all that expensive.
But on a more important note, if that router is less than a year old then it is most certainly under warranty, which is default 1 year.",
"Ann WelshJan 11, 2019, 6:19 PM
been told it is not under anything",
"Ann WelshJan 11, 2019, 6:19 PM
been told it is not under anything",
"Ann WelshJan 11, 2019, 6:19 PM
been told it is not under anything",
"Ann WelshJan 11, 2019, 6:19 PM",
Ann Welsh,
Ann Welsh,
"Jan 11, 2019, 6:19 PM",http://www.tomshardware.com/answers/id-3862316/connection-issue-router.html#r21669319
"Jan 11, 2019, 6:19 PM",http://www.tomshardware.com/answers/id-3862316/connection-issue-router.html#r21669319
been told it is not under anything,
"Gam3r01Jan 11, 2019, 6:20 PM
Call again:
https://www.linksys.com/us/support-article/?articleNum=135959
If its under 1 year its covered.",
"Gam3r01Jan 11, 2019, 6:20 PM
Call again:
https://www.linksys.com/us/support-article/?articleNum=135959
If its under 1 year its covered.",
"Gam3r01Jan 11, 2019, 6:20 PM
Call again:
https://www.linksys.com/us/support-article/?articleNum=135959
If its under 1 year its covered.",
"Gam3r01Jan 11, 2019, 6:20 PM",
Gam3r01,
Gam3r01,
"Jan 11, 2019, 6:20 PM",http://www.tomshardware.com/answers/id-3862316/connection-issue-router.html#r21669324
"Jan 11, 2019, 6:20 PM",http://www.tomshardware.com/answers/id-3862316/connection-issue-router.html#r21669324
"Call again:
https://www.linksys.com/us/support-article/?articleNum=135959
If its under 1 year its covered.",
https://www.linksys.com/us/support-article/?articleNum=135959,https://www.linksys.com/us/support-article/?articleNum=135959
"Ann WelshJan 11, 2019, 6:25 PM
Gam3r01 said:
Call again:
https://www.linksys.com/us/support-article/?articleNum=135959
If its under 1 year its covered.
I was tolkd it is not covered because I did not sign up for warrenty with it",
"Ann WelshJan 11, 2019, 6:25 PM
Gam3r01 said:
Call again:
https://www.linksys.com/us/support-article/?articleNum=135959
If its under 1 year its covered.
I was tolkd it is not covered because I did not sign up for warrenty with it",
"Ann WelshJan 11, 2019, 6:25 PM
Gam3r01 said:
Call again:
https://www.linksys.com/us/support-article/?articleNum=135959
If its under 1 year its covered.
I was tolkd it is not covered because I did not sign up for warrenty with it",
"Ann WelshJan 11, 2019, 6:25 PM",
Ann Welsh,
Ann Welsh,
"Jan 11, 2019, 6:25 PM",http://www.tomshardware.com/answers/id-3862316/connection-issue-router.html#r21669340
"Jan 11, 2019, 6:25 PM",http://www.tomshardware.com/answers/id-3862316/connection-issue-router.html#r21669340
"Gam3r01 said:
Call again:
https://www.linksys.com/us/support-article/?articleNum=135959
If its under 1 year its covered.
I was tolkd it is not covered because I did not sign up for warrenty with it",
"Gam3r01 said:
Call again:
https://www.linksys.com/us/support-article/?articleNum=135959
If its under 1 year its covered.",
Gam3r01 said:,
Gam3r01,
"Call again:
https://www.linksys.com/us/support-article/?articleNum=135959
If its under 1 year its covered.",
https://www.linksys.com/us/support-article/?articleNum=135959,https://www.linksys.com/us/support-article/?articleNum=135959
"Gam3r01Jan 11, 2019, 6:33 PM
Read the warranty terms, you dont have to sign up for anything.",
"Gam3r01Jan 11, 2019, 6:33 PM
Read the warranty terms, you dont have to sign up for anything.",
"Gam3r01Jan 11, 2019, 6:33 PM
Read the warranty terms, you dont have to sign up for anything.",
"Gam3r01Jan 11, 2019, 6:33 PM",
Gam3r01,
Gam3r01,
"Jan 11, 2019, 6:33 PM",http://www.tomshardware.com/answers/id-3862316/connection-issue-router.html#r21669368
"Jan 11, 2019, 6:33 PM",http://www.tomshardware.com/answers/id-3862316/connection-issue-router.html#r21669368
"Read the warranty terms, you dont have to sign up for anything.",
"Rogue LeaderJan 11, 2019, 8:17 PM
Ann Welsh said:
Not everyone can just go buy a new router aftyer less then having a router less then a year
When you say something like ""too old"" after you tell me you contacted linksys and they never contact you back, then you get the assumption that the router is beyond warranty.
As Gamer pointed out the router is still under warranty, clearly you have an issue that can be solved by the warranty.
As for me, I have been helping you since you first asked this question on discord and you have done nothing but ignore me and treat me with disrespect by not even giving me the courtesy of providing me with the complete story or answering my questions.
So, I'm done with you and this thread, call linksys, good luck.",
"Rogue LeaderJan 11, 2019, 8:17 PM
Ann Welsh said:
Not everyone can just go buy a new router aftyer less then having a router less then a year
When you say something like ""too old"" after you tell me you contacted linksys and they never contact you back, then you get the assumption that the router is beyond warranty.
As Gamer pointed out the router is still under warranty, clearly you have an issue that can be solved by the warranty.
As for me, I have been helping you since you first asked this question on discord and you have done nothing but ignore me and treat me with disrespect by not even giving me the courtesy of providing me with the complete story or answering my questions.
So, I'm done with you and this thread, call linksys, good luck.",
"Rogue LeaderJan 11, 2019, 8:17 PM
Ann Welsh said:
Not everyone can just go buy a new router aftyer less then having a router less then a year
When you say something like ""too old"" after you tell me you contacted linksys and they never contact you back, then you get the assumption that the router is beyond warranty.
As Gamer pointed out the router is still under warranty, clearly you have an issue that can be solved by the warranty.
As for me, I have been helping you since you first asked this question on discord and you have done nothing but ignore me and treat me with disrespect by not even giving me the courtesy of providing me with the complete story or answering my questions.
So, I'm done with you and this thread, call linksys, good luck.",
"Rogue LeaderJan 11, 2019, 8:17 PM",
Rogue Leader,
Rogue Leader,
"Jan 11, 2019, 8:17 PM",http://www.tomshardware.com/answers/id-3862316/connection-issue-router.html#r21669625
"Jan 11, 2019, 8:17 PM",http://www.tomshardware.com/answers/id-3862316/connection-issue-router.html#r21669625
"Ann Welsh said:
Not everyone can just go buy a new router aftyer less then having a router less then a year
When you say something like ""too old"" after you tell me you contacted linksys and they never contact you back, then you get the assumption that the router is beyond warranty.
As Gamer pointed out the router is still under warranty, clearly you have an issue that can be solved by the warranty.
As for me, I have been helping you since you first asked this question on discord and you have done nothing but ignore me and treat me with disrespect by not even giving me the courtesy of providing me with the complete story or answering my questions.
So, I'm done with you and this thread, call linksys, good luck.",
"Ann Welsh said:
Not everyone can just go buy a new router aftyer less then having a router less then a year",
Ann Welsh said:,
Ann Welsh,
Not everyone can just go buy a new router aftyer less then having a router less then a year,
"Ann WelshJan 12, 2019, 12:13 PM
Rogue Leader said:
Ann Welsh said:
Not everyone can just go buy a new router aftyer less then having a router less then a year
When you say something like ""too old"" after you tell me you contacted linksys and they never contact you back, then you get the assumption that the router is beyond warranty.
As Gamer pointed out the router is still under warranty, clearly you have an issue that can be solved by the warranty.
As for me, I have been helping you since you first asked this question on discord and you have done nothing but ignore me and treat me with disrespect by not even giving me the courtesy of providing me with the complete story or answering my questions.
So, I'm done with you and this thread, call linksys, good luck.
Fine be done with me. I am done with rude people that think they know it all even after someone has told them some MANY times",
"Ann WelshJan 12, 2019, 12:13 PM
Rogue Leader said:
Ann Welsh said:
Not everyone can just go buy a new router aftyer less then having a router less then a year
When you say something like ""too old"" after you tell me you contacted linksys and they never contact you back, then you get the assumption that the router is beyond warranty.
As Gamer pointed out the router is still under warranty, clearly you have an issue that can be solved by the warranty.
As for me, I have been helping you since you first asked this question on discord and you have done nothing but ignore me and treat me with disrespect by not even giving me the courtesy of providing me with the complete story or answering my questions.
So, I'm done with you and this thread, call linksys, good luck.
Fine be done with me. I am done with rude people that think they know it all even after someone has told them some MANY times",
"Ann WelshJan 12, 2019, 12:13 PM
Rogue Leader said:
Ann Welsh said:
Not everyone can just go buy a new router aftyer less then having a router less then a year
When you say something like ""too old"" after you tell me you contacted linksys and they never contact you back, then you get the assumption that the router is beyond warranty.
As Gamer pointed out the router is still under warranty, clearly you have an issue that can be solved by the warranty.
As for me, I have been helping you since you first asked this question on discord and you have done nothing but ignore me and treat me with disrespect by not even giving me the courtesy of providing me with the complete story or answering my questions.
So, I'm done with you and this thread, call linksys, good luck.
Fine be done with me. I am done with rude people that think they know it all even after someone has told them some MANY times",
"Ann WelshJan 12, 2019, 12:13 PM",
Ann Welsh,
Ann Welsh,
"Jan 12, 2019, 12:13 PM",http://www.tomshardware.com/answers/id-3862316/connection-issue-router.html#r21671707
"Jan 12, 2019, 12:13 PM",http://www.tomshardware.com/answers/id-3862316/connection-issue-router.html#r21671707
"Rogue Leader said:
Ann Welsh said:
Not everyone can just go buy a new router aftyer less then having a router less then a year
When you say something like ""too old"" after you tell me you contacted linksys and they never contact you back, then you get the assumption that the router is beyond warranty.
As Gamer pointed out the router is still under warranty, clearly you have an issue that can be solved by the warranty.
As for me, I have been helping you since you first asked this question on discord and you have done nothing but ignore me and treat me with disrespect by not even giving me the courtesy of providing me with the complete story or answering my questions.
So, I'm done with you and this thread, call linksys, good luck.
Fine be done with me. I am done with rude people that think they know it all even after someone has told them some MANY times",
"Rogue Leader said:
Ann Welsh said:
Not everyone can just go buy a new router aftyer less then having a router less then a year
When you say something like ""too old"" after you tell me you contacted linksys and they never contact you back, then you get the assumption that the router is beyond warranty.
As Gamer pointed out the router is still under warranty, clearly you have an issue that can be solved by the warranty.
As for me, I have been helping you since you first asked this question on discord and you have done nothing but ignore me and treat me with disrespect by not even giving me the courtesy of providing me with the complete story or answering my questions.
So, I'm done with you and this thread, call linksys, good luck.",
Rogue Leader said:,
Rogue Leader,
"Ann Welsh said:
Not everyone can just go buy a new router aftyer less then having a router less then a year
When you say something like ""too old"" after you tell me you contacted linksys and they never contact you back, then you get the assumption that the router is beyond warranty.
As Gamer pointed out the router is still under warranty, clearly you have an issue that can be solved by the warranty.
As for me, I have been helping you since you first asked this question on discord and you have done nothing but ignore me and treat me with disrespect by not even giving me the courtesy of providing me with the complete story or answering my questions.
So, I'm done with you and this thread, call linksys, good luck.",
"Ann Welsh said:
Not everyone can just go buy a new router aftyer less then having a router less then a year",
Ann Welsh said:,
Ann Welsh,
Not everyone can just go buy a new router aftyer less then having a router less then a year,
Ask a new question,
,
Networking,
Devices,
Related Resources,
"solved Connection dropping when DLing files at capped speed. Router issue or ISP issue?
solved 1000 Mbps connection ~10 Mbps Speed test (Router issue?)
solved Smartphone connection issue with wireless router
solved Ethernet Switch & Router Connection Issue
Router Speed connection Issue
Repeater/router WAN connection issue
weird ethernet cable run issue only the 100Mbps router recognize the connection
What are my options to manage online connection with ""Sky"" router? Gaming issue.
Netgear Router Connection Issue
802.11 b/g/n wifi adapter connection issue with router set up using mac
Wireless connection issue with Netgear router
netgear router connection issue
Wireless Connection Issue (Computer Problem, not the router/modem)
Issue with internet connection once I connect router
Wireless connection issue dhcp works but no internet or ping to router
More resources",
"solved Connection dropping when DLing files at capped speed. Router issue or ISP issue?
solved 1000 Mbps connection ~10 Mbps Speed test (Router issue?)
solved Smartphone connection issue with wireless router
solved Ethernet Switch & Router Connection Issue
Router Speed connection Issue
Repeater/router WAN connection issue
weird ethernet cable run issue only the 100Mbps router recognize the connection
What are my options to manage online connection with ""Sky"" router? Gaming issue.
Netgear Router Connection Issue
802.11 b/g/n wifi adapter connection issue with router set up using mac
Wireless connection issue with Netgear router
netgear router connection issue
Wireless Connection Issue (Computer Problem, not the router/modem)
Issue with internet connection once I connect router
Wireless connection issue dhcp works but no internet or ping to router",
solved Connection dropping when DLing files at capped speed. Router issue or ISP issue?,
solved Connection dropping when DLing files at capped speed. Router issue or ISP issue?,http://www.tomshardware.com/answers/id-2980494/connection-dropping-dling-files-capped-speed-router-issue-isp-issue.html
solved,http://www.tomshardware.com/answers/id-2980494/connection-dropping-dling-files-capped-speed-router-issue-isp-issue.html
Connection dropping when DLing files at capped speed. Router issue or ISP issue?,http://www.tomshardware.com/answers/id-2980494/connection-dropping-dling-files-capped-speed-router-issue-isp-issue.html
solved 1000 Mbps connection ~10 Mbps Speed test (Router issue?),
solved 1000 Mbps connection ~10 Mbps Speed test (Router issue?),http://www.tomshardware.com/answers/id-2516726/1000-mbps-connection-mbps-speed-test-router-issue.html
solved,http://www.tomshardware.com/answers/id-2516726/1000-mbps-connection-mbps-speed-test-router-issue.html
1000 Mbps connection ~10 Mbps Speed test (Router issue?),http://www.tomshardware.com/answers/id-2516726/1000-mbps-connection-mbps-speed-test-router-issue.html
solved Smartphone connection issue with wireless router,
solved Smartphone connection issue with wireless router,http://www.tomshardware.com/answers/id-2107051/smartphone-connection-issue-wireless-router.html
solved,http://www.tomshardware.com/answers/id-2107051/smartphone-connection-issue-wireless-router.html
Smartphone connection issue with wireless router,http://www.tomshardware.com/answers/id-2107051/smartphone-connection-issue-wireless-router.html
solved Ethernet Switch & Router Connection Issue,
solved Ethernet Switch & Router Connection Issue,http://www.tomshardware.com/forum/37006-42-ethernet-switch-router-connection-issue
solved,http://www.tomshardware.com/forum/37006-42-ethernet-switch-router-connection-issue
Ethernet Switch & Router Connection Issue,http://www.tomshardware.com/forum/37006-42-ethernet-switch-router-connection-issue
Router Speed connection Issue,
Router Speed connection Issue,http://www.tomshardware.com/answers/id-3025700/router-speed-connection-issue.html
Router Speed connection Issue,http://www.tomshardware.com/answers/id-3025700/router-speed-connection-issue.html
Repeater/router WAN connection issue,
Repeater/router WAN connection issue,http://www.tomshardware.com/answers/id-2971992/repeater-router-wan-connection-issue.html
Repeater/router WAN connection issue,http://www.tomshardware.com/answers/id-2971992/repeater-router-wan-connection-issue.html
weird ethernet cable run issue only the 100Mbps router recognize the connection,
weird ethernet cable run issue only the 100Mbps router recognize the connection,http://www.tomshardware.com/answers/id-2470083/weird-ethernet-cable-run-issue-100mbps-router-recognize-connection.html
weird ethernet cable run issue only the 100Mbps router recognize the connection,http://www.tomshardware.com/answers/id-2470083/weird-ethernet-cable-run-issue-100mbps-router-recognize-connection.html
"What are my options to manage online connection with ""Sky"" router? Gaming issue.",
"What are my options to manage online connection with ""Sky"" router? Gaming issue.",http://www.tomshardware.com/forum/id-2357433/options-manage-online-connection-sky-router-gaming-issue.html
"What are my options to manage online connection with ""Sky"" router? Gaming issue.",http://www.tomshardware.com/forum/id-2357433/options-manage-online-connection-sky-router-gaming-issue.html
Netgear Router Connection Issue,
Netgear Router Connection Issue,http://www.tomshardware.com/answers/id-2246182/netgear-router-connection-issue.html
Netgear Router Connection Issue,http://www.tomshardware.com/answers/id-2246182/netgear-router-connection-issue.html
802.11 b/g/n wifi adapter connection issue with router set up using mac,
802.11 b/g/n wifi adapter connection issue with router set up using mac,http://www.tomshardware.com/answers/id-1978496/802-wifi-adapter-connection-issue-router-set-mac.html
802.11 b/g/n wifi adapter connection issue with router set up using mac,http://www.tomshardware.com/answers/id-1978496/802-wifi-adapter-connection-issue-router-set-mac.html
Wireless connection issue with Netgear router,
Wireless connection issue with Netgear router,http://www.tomshardware.com/answers/id-1797549/wireless-connection-issue-netgear-router.html
Wireless connection issue with Netgear router,http://www.tomshardware.com/answers/id-1797549/wireless-connection-issue-netgear-router.html
netgear router connection issue,
netgear router connection issue,http://www.tomshardware.com/forum/id-1783128/netgear-router-connection-issue.html
netgear router connection issue,http://www.tomshardware.com/forum/id-1783128/netgear-router-connection-issue.html
"Wireless Connection Issue (Computer Problem, not the router/modem)",
"Wireless Connection Issue (Computer Problem, not the router/modem)",http://www.tomshardware.com/answers/id-1651716/wireless-connection-issue-computer-problem-router-modem.html
"Wireless Connection Issue (Computer Problem, not the router/modem)",http://www.tomshardware.com/answers/id-1651716/wireless-connection-issue-computer-problem-router-modem.html
Issue with internet connection once I connect router,
Issue with internet connection once I connect router,http://www.tomshardware.com/forum/40163-43-issue-internet-connection-connect-router
Issue with internet connection once I connect router,http://www.tomshardware.com/forum/40163-43-issue-internet-connection-connect-router
Wireless connection issue dhcp works but no internet or ping to router,
Wireless connection issue dhcp works but no internet or ping to router,http://www.tomshardware.com/forum/38506-42-wireless-connection-issue-dhcp-works-internet-ping-router
Wireless connection issue dhcp works but no internet or ping to router,http://www.tomshardware.com/forum/38506-42-wireless-connection-issue-dhcp-works-internet-ping-router
More resources,
,
,
"Shop Now
EVGA GeForce GTX 1050 Ti SC Gaming, 4GB
$166.99$219.99
(1824)
Gigabyte Geforce GTX 1050 2GB GDDR5 128
$129.99$149.99
(996)
EVGA GeForce GTX 1060 3GB GAMING, ACX 2.
$224.91
(1476)
MSI Gaming GeForce GT 710 2GB GDRR3 64-bi
$46.99$54.99
(497)
Ads by Amazon",
,
,
"Shop Now
EVGA GeForce GTX 1050 Ti SC Gaming, 4GB
$166.99$219.99
(1824)
Gigabyte Geforce GTX 1050 2GB GDDR5 128
$129.99$149.99
(996)
EVGA GeForce GTX 1060 3GB GAMING, ACX 2.
$224.91
(1476)
MSI Gaming GeForce GT 710 2GB GDRR3 64-bi
$46.99$54.99
(497)
Ads by Amazon",
"Shop Now
Ads by Amazon",
Shop Now,
Ads by Amazon,
Ads by Amazon,
Ads by Amazon,
Ads by Amazon,http://aax-us-east.amazon-adsystem.com/x/c/QuvjwZMzqFhxNa9X2WDafyoAAAFoSkbPdgEAAAE0AW_xIOQ/https://affiliate-program.amazon.com/home/ads/ref=sm_n_au_dka_US_logo?adId=logo&creativeASIN=logo&linkId=a33c69b632b39beb75c02f8d2062d533&tag=ecatapultifr_adblocktest-20&linkCode=w41&ref-refURL=http%3A%2F%2Fwww.tomshardware.com%2Fanswers%2Fid-3862316%2Fconnection-issue-router.html&slotNum=0&imprToken=M5pIWpdPhpZbmE.KFAPEAw&adType=smart&adMode=auto&adFormat=grid&impressionTimestamp=1547434381770&ac-ms-src=nsa-ads&cid=nsa-ads
"EVGA GeForce GTX 1050 Ti SC Gaming, 4GB
$166.99$219.99
(1824)
DEAL OF THE DAY
ENDS IN
Gigabyte Geforce GTX 1050 2GB GDDR5 128
$129.99$149.99
(996)
DEAL OF THE DAY
ENDS IN
EVGA GeForce GTX 1060 3GB GAMING, ACX 2.
$224.91
(1476)
DEAL OF THE DAY
ENDS IN
MSI Gaming GeForce GT 710 2GB GDRR3 64-bi
$46.99$54.99
(497)
DEAL OF THE DAY
ENDS IN",
"EVGA GeForce GTX 1050 Ti SC Gaming, 4GB
$166.99$219.99
(1824)
DEAL OF THE DAY
ENDS IN
Gigabyte Geforce GTX 1050 2GB GDDR5 128
$129.99$149.99
(996)
DEAL OF THE DAY
ENDS IN
EVGA GeForce GTX 1060 3GB GAMING, ACX 2.
$224.91
(1476)
DEAL OF THE DAY
ENDS IN
MSI Gaming GeForce GT 710 2GB GDRR3 64-bi
$46.99$54.99
(497)
DEAL OF THE DAY
ENDS IN",
"EVGA GeForce GTX 1050 Ti SC Gaming, 4GB
$166.99$219.99
(1824)
DEAL OF THE DAY
ENDS IN",
,
,
"Thank you!
This will help us improve your ad experience. We will try not to show you such ads again.",
Thank you!,
This will help us improve your ad experience. We will try not to show you such ads again.,
"Report a problem
This item is...
Not relevant
Inappropriate / Offensive
Displayed poorly
Other
Add Comments (Max 320 characters)",
Report a problem,
This item is...,
"Not relevant
Inappropriate / Offensive
Displayed poorly
Other
Add Comments (Max 320 characters)",
Not relevant,
Not relevant,
Inappropriate / Offensive,
Inappropriate / Offensive,
Displayed poorly,
Displayed poorly,
Other,
Other,
Add Comments (Max 320 characters),
(Max 320 characters),
"EVGA GeForce GTX 1050 Ti SC Gaming, 4GB
$166.99$219.99
(1824)",
"EVGA GeForce GTX 1050 Ti SC Gaming, 4GB",
"EVGA GeForce GTX 1050 Ti SC Gaming, 4GB",http://aax-us-east.amazon-adsystem.com/x/c/QuvjwZMzqFhxNa9X2WDafyoAAAFoSkbPdgEAAAE0AW_xIOQ/https://www.amazon.com/EVGA-GeForce-Support-Graphics-04G-P4-6253-KR/dp/B01MF7EQJZ/ref=sm_n_au_dka_US_pr_fal_0_0?adId=B01MF7EQJZ&creativeASIN=B01MF7EQJZ&linkId=a33c69b632b39beb75c02f8d2062d533&tag=ecatapultifr_adblocktest-20&linkCode=w41&ref-refURL=http%3A%2F%2Fwww.tomshardware.com%2Fanswers%2Fid-3862316%2Fconnection-issue-router.html&slotNum=0&imprToken=M5pIWpdPhpZbmE.KFAPEAw&adType=smart&adMode=auto&adFormat=grid&impressionTimestamp=1547434381679
"EVGA GeForce GTX 1050 Ti SC Gaming, 4GB",http://aax-us-east.amazon-adsystem.com/x/c/QuvjwZMzqFhxNa9X2WDafyoAAAFoSkbPdgEAAAE0AW_xIOQ/https://www.amazon.com/EVGA-GeForce-Support-Graphics-04G-P4-6253-KR/dp/B01MF7EQJZ/ref=sm_n_au_dka_US_pr_fal_0_0?adId=B01MF7EQJZ&creativeASIN=B01MF7EQJZ&linkId=a33c69b632b39beb75c02f8d2062d533&tag=ecatapultifr_adblocktest-20&linkCode=w41&ref-refURL=http%3A%2F%2Fwww.tomshardware.com%2Fanswers%2Fid-3862316%2Fconnection-issue-router.html&slotNum=0&imprToken=M5pIWpdPhpZbmE.KFAPEAw&adType=smart&adMode=auto&adFormat=grid&impressionTimestamp=1547434381679
"$166.99$219.99
(1824)",
$166.99$219.99,
$166.99,
$219.99,
,
Bestseller,
-1824,
-1824,
"DEAL OF THE DAY
ENDS IN",
"DEAL OF THE DAY
ENDS IN",
"DEAL OF THE DAY
ENDS IN",
DEAL OF THE DAY,
ENDS IN,
"Gigabyte Geforce GTX 1050 2GB GDDR5 128
$129.99$149.99
(996)
DEAL OF THE DAY
ENDS IN",
,
,
"Thank you!
This will help us improve your ad experience. We will try not to show you such ads again.",
Thank you!,
This will help us improve your ad experience. We will try not to show you such ads again.,
"Report a problem
This item is...
Not relevant
Inappropriate / Offensive
Displayed poorly
Other
Add Comments (Max 320 characters)",
Report a problem,
This item is...,
"Not relevant
Inappropriate / Offensive
Displayed poorly
Other
Add Comments (Max 320 characters)",
Not relevant,
Not relevant,
Inappropriate / Offensive,
Inappropriate / Offensive,
Displayed poorly,
Displayed poorly,
Other,
Other,
Add Comments (Max 320 characters),
(Max 320 characters),
"Gigabyte Geforce GTX 1050 2GB GDDR5 128
$129.99$149.99
(996)",
Gigabyte Geforce GTX 1050 2GB GDDR5 128,
Gigabyte Geforce GTX 1050 2GB GDDR5 128,http://aax-us-east.amazon-adsystem.com/x/c/QuvjwZMzqFhxNa9X2WDafyoAAAFoSkbPdgEAAAE0AW_xIOQ/https://www.amazon.com/Gigabyte-Geforce-GDDR5-Graphic-GV-N1050OC-2GD/dp/B01MG0733A/ref=sm_n_au_dka_US_pr_fal_0_1?adId=B01MG0733A&creativeASIN=B01MG0733A&linkId=a33c69b632b39beb75c02f8d2062d533&tag=ecatapultifr_adblocktest-20&linkCode=w41&ref-refURL=http%3A%2F%2Fwww.tomshardware.com%2Fanswers%2Fid-3862316%2Fconnection-issue-router.html&slotNum=0&imprToken=M5pIWpdPhpZbmE.KFAPEAw&adType=smart&adMode=auto&adFormat=grid&impressionTimestamp=1547434381688
Gigabyte Geforce GTX 1050 2GB GDDR5 128,http://aax-us-east.amazon-adsystem.com/x/c/QuvjwZMzqFhxNa9X2WDafyoAAAFoSkbPdgEAAAE0AW_xIOQ/https://www.amazon.com/Gigabyte-Geforce-GDDR5-Graphic-GV-N1050OC-2GD/dp/B01MG0733A/ref=sm_n_au_dka_US_pr_fal_0_1?adId=B01MG0733A&creativeASIN=B01MG0733A&linkId=a33c69b632b39beb75c02f8d2062d533&tag=ecatapultifr_adblocktest-20&linkCode=w41&ref-refURL=http%3A%2F%2Fwww.tomshardware.com%2Fanswers%2Fid-3862316%2Fconnection-issue-router.html&slotNum=0&imprToken=M5pIWpdPhpZbmE.KFAPEAw&adType=smart&adMode=auto&adFormat=grid&impressionTimestamp=1547434381688
"$129.99$149.99
(996)",
$129.99$149.99,
$129.99,
$149.99,
,
Bestseller,
-996,
-996,
"DEAL OF THE DAY
ENDS IN",
"DEAL OF THE DAY
ENDS IN",
"DEAL OF THE DAY
ENDS IN",
DEAL OF THE DAY,
ENDS IN,
"EVGA GeForce GTX 1060 3GB GAMING, ACX 2.
$224.91
(1476)
DEAL OF THE DAY
ENDS IN",
,
,
"Thank you!
This will help us improve your ad experience. We will try not to show you such ads again.",
Thank you!,
This will help us improve your ad experience. We will try not to show you such ads again.,
"Report a problem
This item is...
Not relevant
Inappropriate / Offensive
Displayed poorly
Other
Add Comments (Max 320 characters)",
Report a problem,
This item is...,
"Not relevant
Inappropriate / Offensive
Displayed poorly
Other
Add Comments (Max 320 characters)",
Not relevant,
Not relevant,
Inappropriate / Offensive,
Inappropriate / Offensive,
Displayed poorly,
Displayed poorly,
Other,
Other,
Add Comments (Max 320 characters),
(Max 320 characters),
"EVGA GeForce GTX 1060 3GB GAMING, ACX 2.
$224.91
(1476)",
"EVGA GeForce GTX 1060 3GB GAMING, ACX 2.",
"EVGA GeForce GTX 1060 3GB GAMING, ACX 2.",http://aax-us-east.amazon-adsystem.com/x/c/QuvjwZMzqFhxNa9X2WDafyoAAAFoSkbPdgEAAAE0AW_xIOQ/https://www.amazon.com/EVGA-GeForce-Support-Graphics-03G-P4-6160-KR/dp/B01KUADE3O/ref=sm_n_au_dka_US_pr_fal_0_2?adId=B01KUADE3O&creativeASIN=B01KUADE3O&linkId=a33c69b632b39beb75c02f8d2062d533&tag=ecatapultifr_adblocktest-20&linkCode=w41&ref-refURL=http%3A%2F%2Fwww.tomshardware.com%2Fanswers%2Fid-3862316%2Fconnection-issue-router.html&slotNum=0&imprToken=M5pIWpdPhpZbmE.KFAPEAw&adType=smart&adMode=auto&adFormat=grid&impressionTimestamp=1547434381699
"EVGA GeForce GTX 1060 3GB GAMING, ACX 2.",http://aax-us-east.amazon-adsystem.com/x/c/QuvjwZMzqFhxNa9X2WDafyoAAAFoSkbPdgEAAAE0AW_xIOQ/https://www.amazon.com/EVGA-GeForce-Support-Graphics-03G-P4-6160-KR/dp/B01KUADE3O/ref=sm_n_au_dka_US_pr_fal_0_2?adId=B01KUADE3O&creativeASIN=B01KUADE3O&linkId=a33c69b632b39beb75c02f8d2062d533&tag=ecatapultifr_adblocktest-20&linkCode=w41&ref-refURL=http%3A%2F%2Fwww.tomshardware.com%2Fanswers%2Fid-3862316%2Fconnection-issue-router.html&slotNum=0&imprToken=M5pIWpdPhpZbmE.KFAPEAw&adType=smart&adMode=auto&adFormat=grid&impressionTimestamp=1547434381699
"$224.91
(1476)",
$224.91,
$224.91,
,
Bestseller,
-1476,
-1476,
"DEAL OF THE DAY
ENDS IN",
"DEAL OF THE DAY
ENDS IN",
"DEAL OF THE DAY
ENDS IN",
DEAL OF THE DAY,
ENDS IN,
"MSI Gaming GeForce GT 710 2GB GDRR3 64-bi
$46.99$54.99
(497)
DEAL OF THE DAY
ENDS IN",
,
,
"Thank you!
This will help us improve your ad experience. We will try not to show you such ads again.",
Thank you!,
This will help us improve your ad experience. We will try not to show you such ads again.,
"Report a problem
This item is...
Not relevant
Inappropriate / Offensive
Displayed poorly
Other
Add Comments (Max 320 characters)",
Report a problem,
This item is...,
"Not relevant
Inappropriate / Offensive
Displayed poorly
Other
Add Comments (Max 320 characters)",
Not relevant,
Not relevant,
Inappropriate / Offensive,
Inappropriate / Offensive,
Displayed poorly,
Displayed poorly,
Other,
Other,
Add Comments (Max 320 characters),
(Max 320 characters),
"MSI Gaming GeForce GT 710 2GB GDRR3 64-bi
$46.99$54.99
(497)",
MSI Gaming GeForce GT 710 2GB GDRR3 64-bi,
MSI Gaming GeForce GT 710 2GB GDRR3 64-bi,http://aax-us-east.amazon-adsystem.com/x/c/QuvjwZMzqFhxNa9X2WDafyoAAAFoSkbPdgEAAAE0AW_xIOQ/https://www.amazon.com/MSI-GT-710-2GD3-LP/dp/B01DOFD0G8/ref=sm_n_au_dka_US_pr_fal_0_3?adId=B01DOFD0G8&creativeASIN=B01DOFD0G8&linkId=a33c69b632b39beb75c02f8d2062d533&tag=ecatapultifr_adblocktest-20&linkCode=w41&ref-refURL=http%3A%2F%2Fwww.tomshardware.com%2Fanswers%2Fid-3862316%2Fconnection-issue-router.html&slotNum=0&imprToken=M5pIWpdPhpZbmE.KFAPEAw&adType=smart&adMode=auto&adFormat=grid&impressionTimestamp=1547434381713
MSI Gaming GeForce GT 710 2GB GDRR3 64-bi,http://aax-us-east.amazon-adsystem.com/x/c/QuvjwZMzqFhxNa9X2WDafyoAAAFoSkbPdgEAAAE0AW_xIOQ/https://www.amazon.com/MSI-GT-710-2GD3-LP/dp/B01DOFD0G8/ref=sm_n_au_dka_US_pr_fal_0_3?adId=B01DOFD0G8&creativeASIN=B01DOFD0G8&linkId=a33c69b632b39beb75c02f8d2062d533&tag=ecatapultifr_adblocktest-20&linkCode=w41&ref-refURL=http%3A%2F%2Fwww.tomshardware.com%2Fanswers%2Fid-3862316%2Fconnection-issue-router.html&slotNum=0&imprToken=M5pIWpdPhpZbmE.KFAPEAw&adType=smart&adMode=auto&adFormat=grid&impressionTimestamp=1547434381713
"$46.99$54.99
(497)",
$46.99$54.99,
$46.99,
$54.99,
,
Bestseller,
-497,
-497,
"DEAL OF THE DAY
ENDS IN",
"DEAL OF THE DAY
ENDS IN",
"DEAL OF THE DAY
ENDS IN",
DEAL OF THE DAY,
ENDS IN,
Ads by Amazon,
Ads by Amazon,
Ads by Amazon,
Ads by Amazon,http://aax-us-east.amazon-adsystem.com/x/c/QuvjwZMzqFhxNa9X2WDafyoAAAFoSkbPdgEAAAE0AW_xIOQ/https://affiliate-program.amazon.com/home/ads/ref=sm_n_au_dka_US_logo?adId=logo&creativeASIN=logo&linkId=a33c69b632b39beb75c02f8d2062d533&tag=ecatapultifr_adblocktest-20&linkCode=w41&ref-refURL=http%3A%2F%2Fwww.tomshardware.com%2Fanswers%2Fid-3862316%2Fconnection-issue-router.html&slotNum=0&imprToken=M5pIWpdPhpZbmE.KFAPEAw&adType=smart&adMode=auto&adFormat=grid&impressionTimestamp=1547434381772&ac-ms-src=nsa-ads&cid=nsa-ads
,
,
,
,
,
,
,
,
,
,
"Shop Now
EVGA GeForce GTX 1050 Ti SC Gaming, 4GB
$166.99$219.99
(1824)
Gigabyte Geforce GTX 1050 2GB GDDR5 128
$129.99$149.99
(996)
EVGA GeForce GTX 1060 3GB GAMING, ACX 2.
$224.91
(1476)
MSI Gaming GeForce GT 710 2GB GDRR3 64-bi
$46.99$54.99
(497)
Ads by Amazon",
,