post_name,post_url
Please Read,https://www.bleepingcomputer.com/forums/t/398507/please-read/
Problems setting up WiFi LAN,https://www.bleepingcomputer.com/forums/t/689810/problems-setting-up-wifi-lan/
WiFi down,https://www.bleepingcomputer.com/forums/t/690071/wifi-down/
MESH Networks vs Access Point Confusion,https://www.bleepingcomputer.com/forums/t/690072/mesh-networks-vs-access-point-confusion/
Facing a little router login trouble,https://www.bleepingcomputer.com/forums/t/689951/facing-a-little-router-login-trouble/
Trouble accessing computer on network,https://www.bleepingcomputer.com/forums/t/689649/trouble-accessing-computer-on-network/
Cascading Routers,https://www.bleepingcomputer.com/forums/t/689993/cascading-routers/
Network Problem - looking for help,https://www.bleepingcomputer.com/forums/t/689969/network-problem-looking-for-help/
Multiple Networks... One source for internet,https://www.bleepingcomputer.com/forums/t/689974/multiple-networks-one-source-for-internet/
Sharing WISP connection,https://www.bleepingcomputer.com/forums/t/688221/sharing-wisp-connection/
Connection problems - almost new comp. no problem with router,https://www.bleepingcomputer.com/forums/t/685895/connection-problems-almost-new-comp-no-problem-with-router/
Can't Ping two devices on the same LAN,https://www.bleepingcomputer.com/forums/t/689893/cant-ping-two-devices-on-the-same-lan/
How to access my AP router GUI or admin page?,https://www.bleepingcomputer.com/forums/t/689858/how-to-access-my-ap-router-gui-or-admin-page/
Fibre Optic Network Problem,https://www.bleepingcomputer.com/forums/t/689792/fibre-optic-network-problem/
Wireless Router Problems,https://www.bleepingcomputer.com/forums/t/689525/wireless-router-problems/
3Com 3226 24 port switch looses IP once link disconnected,https://www.bleepingcomputer.com/forums/t/689789/3com-3226-24-port-switch-looses-ip-once-link-disconnected/
Need helping replacing ST 10/100 fiber media converters with ST 10/100/1000,https://www.bleepingcomputer.com/forums/t/689731/need-helping-replacing-st-10100-fiber-media-converters-with-st-101001000/
"""Ethernet"" doesn't have a valid IP configuration",https://www.bleepingcomputer.com/forums/t/689537/ethernet-doesnt-have-a-valid-ip-configuration/
WiFi router 5g signal issues- comparison,https://www.bleepingcomputer.com/forums/t/689653/wifi-router-5g-signal-issues-comparison/
Need help increasing speed on Netgear WNR2000v5,https://www.bleepingcomputer.com/forums/t/685942/need-help-increasing-speed-on-netgear-wnr2000v5/
Used Phones from Ebay connected to the internet but not able to access internet,https://www.bleepingcomputer.com/forums/t/689621/used-phones-from-ebay-connected-to-the-internet-but-not-able-to-access-internet/
"Can't get to SAMBA share on windows 7 machine, changed nothing.",https://www.bleepingcomputer.com/forums/t/689576/cant-get-to-samba-share-on-windows-7-machine-changed-nothing/
Best model Roku for older Samsung flat panel TV?,https://www.bleepingcomputer.com/forums/t/689605/best-model-roku-for-older-samsung-flat-panel-tv/
IP phone install at the house.,https://www.bleepingcomputer.com/forums/t/689547/ip-phone-install-at-the-house/
Change Of External Static IP – Two Servers Connected,https://www.bleepingcomputer.com/forums/t/689535/change-of-external-static-ip-two-servers-connected/
"Help on 1 pc , 1 wired no internet router, 1 wireless internet router.",https://www.bleepingcomputer.com/forums/t/689498/help-on-1-pc-1-wired-no-internet-router-1-wireless-internet-router/
Two ADSL modems on the same telephone line,https://www.bleepingcomputer.com/forums/t/577387/two-adsl-modems-on-the-same-telephone-line/
Comcast,https://www.bleepingcomputer.com/forums/t/689520/comcast/
Ubiquiti access point in basement?,https://www.bleepingcomputer.com/forums/t/689285/ubiquiti-access-point-in-basement/
Questions about router passwords,https://www.bleepingcomputer.com/forums/t/689392/questions-about-router-passwords/
Internet connection issue,https://www.bleepingcomputer.com/forums/t/681324/internet-connection-issue/
Networking Windows 10 and Windows 7 with a VPN thrown in the mix,https://www.bleepingcomputer.com/forums/t/689418/networking-windows-10-and-windows-7-with-a-vpn-thrown-in-the-mix/
A Virtual LAN for WEP,https://www.bleepingcomputer.com/forums/t/689180/a-virtual-lan-for-wep/
*HELP* Testing of WiFi usability for Wireless Sensor Network in engineroom ship,https://www.bleepingcomputer.com/forums/t/689312/help-testing-of-wifi-usability-for-wireless-sensor-network-in-engineroom-ship/
Expanding wireless network,https://www.bleepingcomputer.com/forums/t/689013/expanding-wireless-network/
Wifi stick doesn't work,https://www.bleepingcomputer.com/forums/t/689363/wifi-stick-doesnt-work/
Weird network problems,https://www.bleepingcomputer.com/forums/t/689116/weird-network-problems/
Constant data corruption on LAN/WAN transfers,https://www.bleepingcomputer.com/forums/t/689015/constant-data-corruption-on-lanwan-transfers/
"Looking to buy modem, need advice",https://www.bleepingcomputer.com/forums/t/689202/looking-to-buy-modem-need-advice/
Sharing WIFI,https://www.bleepingcomputer.com/forums/t/688754/sharing-wifi/
Theoretical Firewall rules,https://www.bleepingcomputer.com/forums/t/689190/theoretical-firewall-rules/
IP Cam connection slow,https://www.bleepingcomputer.com/forums/t/689138/ip-cam-connection-slow/
254 IP addresses on home network,https://www.bleepingcomputer.com/forums/t/689094/254-ip-addresses-on-home-network/
Connecting Brother MFC-L2700DW via wifi to Motorola MT7711 router,https://www.bleepingcomputer.com/forums/t/689111/connecting-brother-mfc-l2700dw-via-wifi-to-motorola-mt7711-router/
CAN ANDROID PHONE DO THE JOB OF A ROUTER?,https://www.bleepingcomputer.com/forums/t/689132/can-android-phone-do-the-job-of-a-router/
Wifi Enabling NAS,https://www.bleepingcomputer.com/forums/t/689061/wifi-enabling-nas/
How to Utilise Bluetooth on Toshiba Satellite Pro Laptop,https://www.bleepingcomputer.com/forums/t/689043/how-to-utilise-bluetooth-on-toshiba-satellite-pro-laptop/
Internet connecting to secondary DNS but calling it primary DNS,https://www.bleepingcomputer.com/forums/t/688413/internet-connecting-to-secondary-dns-but-calling-it-primary-dns/
Terrible WiFi speeds on only one of my computers,https://www.bleepingcomputer.com/forums/t/688966/terrible-wifi-speeds-on-only-one-of-my-computers/
ubiquitti airos router reset disabled and password lost,https://www.bleepingcomputer.com/forums/t/688893/ubiquitti-airos-router-reset-disabled-and-password-lost/
"Subnetting exercise, looking for solution",https://www.bleepingcomputer.com/forums/t/688690/subnetting-exercise-looking-for-solution/
networking Windows 7 and 10,https://www.bleepingcomputer.com/forums/t/688280/networking-windows-7-and-10/
wireless module not supported,https://www.bleepingcomputer.com/forums/t/688696/wireless-module-not-supported/
wifi cannot give valid IP,https://www.bleepingcomputer.com/forums/t/688652/wifi-cannot-give-valid-ip/
windows xp computer won't connect to internet (only msn),https://www.bleepingcomputer.com/forums/t/645491/windows-xp-computer-wont-connect-to-internet-only-msn/
"Wifi Shows it is Connected and has Internet, but Nothing Loads.",https://www.bleepingcomputer.com/forums/t/688751/wifi-shows-it-is-connected-and-has-internet-but-nothing-loads/
Conflicting Access Points? What am I missing?,https://www.bleepingcomputer.com/forums/t/687814/conflicting-access-points-what-am-i-missing/
Need help for a newbie - occasionally can't access NAS drive,https://www.bleepingcomputer.com/forums/t/688616/need-help-for-a-newbie-occasionally-cant-access-nas-drive/
local area network keeps disconnecting/ reconnecting automatically with,https://www.bleepingcomputer.com/forums/t/688580/local-area-network-keeps-disconnecting-reconnecting-automatically-with/
help in setting up my wanscam cameras to the internet,https://www.bleepingcomputer.com/forums/t/687589/help-in-setting-up-my-wanscam-cameras-to-the-internet/
Redirection Issue,https://www.bleepingcomputer.com/forums/t/688582/redirection-issue/
Medium-cost high security wifi Router??,https://www.bleepingcomputer.com/forums/t/688516/medium-cost-high-security-wifi-router/
Problem connecting computers to second modem,https://www.bleepingcomputer.com/forums/t/688175/problem-connecting-computers-to-second-modem/
Best Place for a Wireless Router On Limited DeskSpace,https://www.bleepingcomputer.com/forums/t/688189/best-place-for-a-wireless-router-on-limited-deskspace/
Basic Subnetting Question,https://www.bleepingcomputer.com/forums/t/688028/basic-subnetting-question/
Unable to project from PC to laptop using Windows 10 Project feature (Miracast),https://www.bleepingcomputer.com/forums/t/688088/unable-to-project-from-pc-to-laptop-using-windows-10-project-feature-miracast/
Significance of scraped IP addresses,https://www.bleepingcomputer.com/forums/t/687971/significance-of-scraped-ip-addresses/
Move DHCP server from Router to Switch,https://www.bleepingcomputer.com/forums/t/687872/move-dhcp-server-from-router-to-switch/
I think my computer is throttling my download speed.,https://www.bleepingcomputer.com/forums/t/680694/i-think-my-computer-is-throttling-my-download-speed/
Troubleshooting slow network speeds (FTTH),https://www.bleepingcomputer.com/forums/t/687865/troubleshooting-slow-network-speeds-ftth/
portforwarding require to fill local port as well,https://www.bleepingcomputer.com/forums/t/687860/portforwarding-require-to-fill-local-port-as-well/
How do I access my router when a service provider is blocking access?,https://www.bleepingcomputer.com/forums/t/681809/how-do-i-access-my-router-when-a-service-provider-is-blocking-access/
"ASDL line, keep turned on?",https://www.bleepingcomputer.com/forums/t/687830/asdl-line-keep-turned-on/
Buffering help!,https://www.bleepingcomputer.com/forums/t/687806/buffering-help/
unable to access any lan devices,https://www.bleepingcomputer.com/forums/t/687727/unable-to-access-any-lan-devices/
Watchguard Firebox 700,https://www.bleepingcomputer.com/forums/t/89031/watchguard-firebox-700/
Cannot Create Home Network/LAN,https://www.bleepingcomputer.com/forums/t/687622/cannot-create-home-networklan/
New house - built in fiber help,https://www.bleepingcomputer.com/forums/t/687233/new-house-built-in-fiber-help/
New Computer Weak Connection,https://www.bleepingcomputer.com/forums/t/687634/new-computer-weak-connection/
"Hi, Redirected From Virus/Trojan Forum After Being Directed From Networking...",https://www.bleepingcomputer.com/forums/t/687480/hi-redirected-from-virustrojan-forum-after-being-directed-from-networking/
"What's ""munching through"" my mobile data?",https://www.bleepingcomputer.com/forums/t/687518/whats-munching-through-my-mobile-data/
Public vs. Private,https://www.bleepingcomputer.com/forums/t/687519/public-vs-private/
Brand New Computer,https://www.bleepingcomputer.com/forums/t/687400/brand-new-computer/
Can this PC have Centurylink 1 gig?,https://www.bleepingcomputer.com/forums/t/687475/can-this-pc-have-centurylink-1-gig/
IPv4 address form,https://www.bleepingcomputer.com/forums/t/687248/ipv4-address-form/
data over game port?,https://www.bleepingcomputer.com/forums/t/687434/data-over-game-port/
Missing Wifi,https://www.bleepingcomputer.com/forums/t/687427/missing-wifi/
"""No Internet, Secured"" Issue",https://www.bleepingcomputer.com/forums/t/687192/no-internet-secured-issue/
Converting to Static IP and Network Set-up,https://www.bleepingcomputer.com/forums/t/686264/converting-to-static-ip-and-network-set-up/
no network connection no SSID,https://www.bleepingcomputer.com/forums/t/683351/no-network-connection-no-ssid/
"How to extend wifi through 3,500 sq foot house?",https://www.bleepingcomputer.com/forums/t/687094/how-to-extend-wifi-through-3500-sq-foot-house/
Setup internet connection of VM to isolate VM and host,https://www.bleepingcomputer.com/forums/t/687027/setup-internet-connection-of-vm-to-isolate-vm-and-host/
NESS D8XD alarm system deault ip address confusion,https://www.bleepingcomputer.com/forums/t/687151/ness-d8xd-alarm-system-deault-ip-address-confusion/
Windows 10 pc- controling Network shared content,https://www.bleepingcomputer.com/forums/t/687062/windows-10-pc-controling-network-shared-content/
Ethernet switch not working properly,https://www.bleepingcomputer.com/forums/t/686659/ethernet-switch-not-working-properly/
cat5e termination/connection query,https://www.bleepingcomputer.com/forums/t/686959/cat5e-terminationconnection-query/
Realtek 11N USB wireless LAN adapter not recognizing HOME network,https://www.bleepingcomputer.com/forums/t/687082/realtek-11n-usb-wireless-lan-adapter-not-recognizing-home-network/
Wifi adapter is not showing up,https://www.bleepingcomputer.com/forums/t/686873/wifi-adapter-is-not-showing-up/
Red X on wireless network.,https://www.bleepingcomputer.com/forums/t/686382/red-x-on-wireless-network/
erratic internet speeds,https://www.bleepingcomputer.com/forums/t/686650/erratic-internet-speeds/
Get internet connection with Android phone using my Home Network.,https://www.bleepingcomputer.com/forums/t/686525/get-internet-connection-with-android-phone-using-my-home-network/
Setting up a Virtual Conference off on a linux Server.,https://www.bleepingcomputer.com/forums/t/686624/setting-up-a-virtual-conference-off-on-a-linux-server/
Bridging across 2 LAN for file share,https://www.bleepingcomputer.com/forums/t/686625/bridging-across-2-lan-for-file-share/
Wdmycloud NAS Drive not seen by PC,https://www.bleepingcomputer.com/forums/t/686439/wdmycloud-nas-drive-not-seen-by-pc/
Home network sharing issue,https://www.bleepingcomputer.com/forums/t/686600/home-network-sharing-issue/
ethernet card only supports 100 mps.,https://www.bleepingcomputer.com/forums/t/685382/ethernet-card-only-supports-100-mps/
Question about Cat5E cable,https://www.bleepingcomputer.com/forums/t/686152/question-about-cat5e-cable/
Sony Vaio Won't Connect to Specific Wifi,https://www.bleepingcomputer.com/forums/t/686251/sony-vaio-wont-connect-to-specific-wifi/
Windows Vista - Can't Find WIFI (My Dads PC),https://www.bleepingcomputer.com/forums/t/686126/windows-vista-cant-find-wifi-my-dads-pc/
Two WiFi Connections - One Computer,https://www.bleepingcomputer.com/forums/t/685879/two-wifi-connections-one-computer/
WRT1900ACS refresh Restrict parental controls from nonexistent devices ?,https://www.bleepingcomputer.com/forums/t/686068/wrt1900acs-refresh-restrict-parental-controls-from-nonexistent-devices/
No Internet Access IPv6,https://www.bleepingcomputer.com/forums/t/686088/no-internet-access-ipv6/
Access IIS Site on W10 Pro 64bit PC on a Private Network,https://www.bleepingcomputer.com/forums/t/686047/access-iis-site-on-w10-pro-64bit-pc-on-a-private-network/
Throughput Issue that's driving me insane!,https://www.bleepingcomputer.com/forums/t/685883/throughput-issue-thats-driving-me-insane/
Dell Inspiron 3542 Ethernet and WIFI connections are way too slow!,https://www.bleepingcomputer.com/forums/t/686000/dell-inspiron-3542-ethernet-and-wifi-connections-are-way-too-slow/
How to open my ports when my ISP is NAT-ing me,https://www.bleepingcomputer.com/forums/t/685817/how-to-open-my-ports-when-my-isp-is-nat-ing-me/
Wake-on-LAN doesn't work,https://www.bleepingcomputer.com/forums/t/685950/wake-on-lan-doesnt-work/
"Laptop gets on the Wi-Fi, but no Internet",https://www.bleepingcomputer.com/forums/t/683480/laptop-gets-on-the-wi-fi-but-no-internet/
"High Down speed, high ping?",https://www.bleepingcomputer.com/forums/t/685690/high-down-speed-high-ping/
Switch to support 200 meg,https://www.bleepingcomputer.com/forums/t/685583/switch-to-support-200-meg/
"Win 7 64 PC, internet ok, but no network or printer, or other PC access.",https://www.bleepingcomputer.com/forums/t/685731/win-7-64-pc-internet-ok-but-no-network-or-printer-or-other-pc-access/
Attainable rate displaying on modem,https://www.bleepingcomputer.com/forums/t/684048/attainable-rate-displaying-on-modem/
Wi-fi dropping and then laptop rebooting,https://www.bleepingcomputer.com/forums/t/685282/wi-fi-dropping-and-then-laptop-rebooting/
Cisco ASA can't reach Public,https://www.bleepingcomputer.com/forums/t/685466/cisco-asa-cant-reach-public/
using wifi internet connection in a router,https://www.bleepingcomputer.com/forums/t/685383/using-wifi-internet-connection-in-a-router/
"Can't get online, wired connection",https://www.bleepingcomputer.com/forums/t/685291/cant-get-online-wired-connection/
ARP requests from outside the network,https://www.bleepingcomputer.com/forums/t/685522/arp-requests-from-outside-the-network/
Comcast modem/router and Linksys repeater,https://www.bleepingcomputer.com/forums/t/685425/comcast-modemrouter-and-linksys-repeater/
Port forwarding issues,https://www.bleepingcomputer.com/forums/t/685297/port-forwarding-issues/
VPN Setup,https://www.bleepingcomputer.com/forums/t/685402/vpn-setup/
"File and print sharing working on one adapter, but not the other",https://www.bleepingcomputer.com/forums/t/685337/file-and-print-sharing-working-on-one-adapter-but-not-the-other/
network is slow,https://www.bleepingcomputer.com/forums/t/685252/network-is-slow/
Your DNS server might be unavailable. Windows can't find the well-known host...,https://www.bleepingcomputer.com/forums/t/669292/your-dns-server-might-be-unavailable-windows-cant-find-the-well-known-host/
Repeated disconnect from multiplayer games,https://www.bleepingcomputer.com/forums/t/685131/repeated-disconnect-from-multiplayer-games/
openSUSE Leap 42.3,https://www.bleepingcomputer.com/forums/t/685094/opensuse-leap-423/
Windows 10 eternal struggle connecting to iPhone 7 hotspot,https://www.bleepingcomputer.com/forums/t/685064/windows-10-eternal-struggle-connecting-to-iphone-7-hotspot/
Why are so many ports open on my computer?,https://www.bleepingcomputer.com/forums/t/684691/why-are-so-many-ports-open-on-my-computer/
Unknown node on my LAN,https://www.bleepingcomputer.com/forums/t/557521/unknown-node-on-my-lan/
"LAN Problem, help.",https://www.bleepingcomputer.com/forums/t/684797/lan-problem-help/
802.11ac worth getting with AX coming soon?,https://www.bleepingcomputer.com/forums/t/684833/80211ac-worth-getting-with-ax-coming-soon/
Break out /26 Public IP to smaller subnet,https://www.bleepingcomputer.com/forums/t/684711/break-out-26-public-ip-to-smaller-subnet/
How can I stop ALL Admin Sharing on MY computer?,https://www.bleepingcomputer.com/forums/t/684583/how-can-i-stop-all-admin-sharing-on-my-computer/
Cat 8 cables,https://www.bleepingcomputer.com/forums/t/684626/cat-8-cables/
DHCP sending me to the wrong network?,https://www.bleepingcomputer.com/forums/t/684569/dhcp-sending-me-to-the-wrong-network/
Connecting Macbook pro to TV moniter,https://www.bleepingcomputer.com/forums/t/684453/connecting-macbook-pro-to-tv-moniter/
Windows 10 pc high ping suddenly when idle untill network reset?,https://www.bleepingcomputer.com/forums/t/683838/windows-10-pc-high-ping-suddenly-when-idle-untill-network-reset/
Anti-ARP Spoofing kills Internet Access,https://www.bleepingcomputer.com/forums/t/684460/anti-arp-spoofing-kills-internet-access/
PPPoE drops connection randomly,https://www.bleepingcomputer.com/forums/t/684429/pppoe-drops-connection-randomly/
Samsung Smart TV and computer sending/receiving packets to each other,https://www.bleepingcomputer.com/forums/t/684456/samsung-smart-tv-and-computer-sendingreceiving-packets-to-each-other/
IPTV freezes on wifi,https://www.bleepingcomputer.com/forums/t/684173/iptv-freezes-on-wifi/
connecting from 10.150.1.x to 192.168.254.x,https://www.bleepingcomputer.com/forums/t/684266/connecting-from-101501x-to-192168254x/
WIFI NIGHTMARE - REPEATER,https://www.bleepingcomputer.com/forums/t/684428/wifi-nightmare-repeater/
Modem/Router setup change,https://www.bleepingcomputer.com/forums/t/684345/modemrouter-setup-change/
Spectrum Slow speeds HELP,https://www.bleepingcomputer.com/forums/t/684404/spectrum-slow-speeds-help/
Two questions: 1) static IP 2) VPN,https://www.bleepingcomputer.com/forums/t/684318/two-questions-1-static-ip-2-vpn/
CPE COMFAST CF-E110N does not work after downgrade,https://www.bleepingcomputer.com/forums/t/684339/cpe-comfast-cf-e110n-does-not-work-after-downgrade/
Port Forwarding through a VPN,https://www.bleepingcomputer.com/forums/t/684330/port-forwarding-through-a-vpn/
"Can't get to the web, unless I am in safe mode",https://www.bleepingcomputer.com/forums/t/684319/cant-get-to-the-web-unless-i-am-in-safe-mode/
Intermittent internet connection issues,https://www.bleepingcomputer.com/forums/t/684259/intermittent-internet-connection-issues/
WiFi Connection shows as Ethernet Connection,https://www.bleepingcomputer.com/forums/t/684279/wifi-connection-shows-as-ethernet-connection/
xfinity bridge mode to sonicwall firewall help,https://www.bleepingcomputer.com/forums/t/684187/xfinity-bridge-mode-to-sonicwall-firewall-help/
Network Access for C:\ Drive,https://www.bleepingcomputer.com/forums/t/684027/network-access-for-c-drive/
my network of windows 7 and 10 pc's gone bad ?,https://www.bleepingcomputer.com/forums/t/683960/my-network-of-windows-7-and-10-pcs-gone-bad/
I only have one outlet for an internet connection,https://www.bleepingcomputer.com/forums/t/683932/i-only-have-one-outlet-for-an-internet-connection/
How to set up an IPSec tunnel between two NATS ?,https://www.bleepingcomputer.com/forums/t/683900/how-to-set-up-an-ipsec-tunnel-between-two-nats/
L2TP/IPSec VPN,https://www.bleepingcomputer.com/forums/t/683731/l2tpipsec-vpn/
Extend wifi range - on the cheap !,https://www.bleepingcomputer.com/forums/t/683294/extend-wifi-range-on-the-cheap/
Can't login to old router,https://www.bleepingcomputer.com/forums/t/683384/cant-login-to-old-router/
Ethernet connection drops,https://www.bleepingcomputer.com/forums/t/683648/ethernet-connection-drops/
Router has overcrowding issues from devices.,https://www.bleepingcomputer.com/forums/t/683571/router-has-overcrowding-issues-from-devices/
help with wireless network connection,https://www.bleepingcomputer.com/forums/t/683740/help-with-wireless-network-connection/
Linksys router won't transmit internet,https://www.bleepingcomputer.com/forums/t/683626/linksys-router-wont-transmit-internet/
Post virus removal internet connection issues,https://www.bleepingcomputer.com/forums/t/683533/post-virus-removal-internet-connection-issues/
Mobile Hotspot stopped working,https://www.bleepingcomputer.com/forums/t/683399/mobile-hotspot-stopped-working/
Suddenly can't connect to the internet,https://www.bleepingcomputer.com/forums/t/683383/suddenly-cant-connect-to-the-internet/
servers take down the network,https://www.bleepingcomputer.com/forums/t/683350/servers-take-down-the-network/
Good Router for Small Networks? Don't need Internet,https://www.bleepingcomputer.com/forums/t/683341/good-router-for-small-networks-dont-need-internet/
"After Hacking Into an Archer C7 AC1750 Router, Then What?",https://www.bleepingcomputer.com/forums/t/682847/after-hacking-into-an-archer-c7-ac1750-router-then-what/
Internet help,https://www.bleepingcomputer.com/forums/t/683248/internet-help/
Internet Help,https://www.bleepingcomputer.com/forums/t/683247/internet-help/
Connecting but logically separating networks,https://www.bleepingcomputer.com/forums/t/683170/connecting-but-logically-separating-networks/
home » forums » general discussion i tried to logon to 192.168.i.i as recommende,https://www.bleepingcomputer.com/forums/t/616545/home-forums-general-discussion-i-tried-to-logon-to-192168ii-as-recommende/
After boot/restart computers lose connection to domain,https://www.bleepingcomputer.com/forums/t/681904/after-bootrestart-computers-lose-connection-to-domain/
Setup wifi router,https://www.bleepingcomputer.com/forums/t/682199/setup-wifi-router/
Setting a router up,https://www.bleepingcomputer.com/forums/t/682741/setting-a-router-up/
Question,https://www.bleepingcomputer.com/forums/t/683135/question/
Advice on Router/Firewall for Small Business Network,https://www.bleepingcomputer.com/forums/t/682607/advice-on-routerfirewall-for-small-business-network/
Setting up VLAN - Please help!,https://www.bleepingcomputer.com/forums/t/682645/setting-up-vlan-please-help/
wifi ext is weak,https://www.bleepingcomputer.com/forums/t/682908/wifi-ext-is-weak/
Network connection lost - Win 10,https://www.bleepingcomputer.com/forums/t/682922/network-connection-lost-win-10/
why is there a gigabit crossover cable?,https://www.bleepingcomputer.com/forums/t/683055/why-is-there-a-gigabit-crossover-cable/
Network attack against dual-boot environment,https://www.bleepingcomputer.com/forums/t/682521/network-attack-against-dual-boot-environment/
How Can I Determine Lowest Power Consumption For A PFSense Build?,https://www.bleepingcomputer.com/forums/t/682728/how-can-i-determine-lowest-power-consumption-for-a-pfsense-build/
Unfamiliar connected wired devices,https://www.bleepingcomputer.com/forums/t/682751/unfamiliar-connected-wired-devices/
"google cloud listeing on local ports, port 1536",https://www.bleepingcomputer.com/forums/t/682859/google-cloud-listeing-on-local-ports-port-1536/
Windows 10 file sharing over network. 3 Megabytes per second writing normal?,https://www.bleepingcomputer.com/forums/t/682829/windows-10-file-sharing-over-network-3-megabytes-per-second-writing-normal/
Need help... Phone is causing problems,https://www.bleepingcomputer.com/forums/t/682752/need-help-phone-is-causing-problems/
Linksys EA9300 with AT&T service HELP PLEASE,https://www.bleepingcomputer.com/forums/t/682706/linksys-ea9300-with-at-t-service-help-please/
WiFi Between Buildings,https://www.bleepingcomputer.com/forums/t/681833/wifi-between-buildings/
Internet acting weird out of nowhere windows 7,https://www.bleepingcomputer.com/forums/t/682633/internet-acting-weird-out-of-nowhere-windows-7/
Inconsistent access to other computers on network,https://www.bleepingcomputer.com/forums/t/681734/inconsistent-access-to-other-computers-on-network/
Need insight on how wifi extenders actually work,https://www.bleepingcomputer.com/forums/t/682221/need-insight-on-how-wifi-extenders-actually-work/
Cat 5 Cabling / Network question,https://www.bleepingcomputer.com/forums/t/681943/cat-5-cabling-network-question/
Problems with WiFi adapter and other issues,https://www.bleepingcomputer.com/forums/t/682519/problems-with-wifi-adapter-and-other-issues/
Not getting download speed i pay for.,https://www.bleepingcomputer.com/forums/t/682352/not-getting-download-speed-i-pay-for/
create 2 independent networks using 1 internet connection,https://www.bleepingcomputer.com/forums/t/682439/create-2-independent-networks-using-1-internet-connection/
"In 2018 For Home Use, Cat5e Or Cat6?",https://www.bleepingcomputer.com/forums/t/680786/in-2018-for-home-use-cat5e-or-cat6/
Linksys WRT1900ACS Parental Controls won't work !!!,https://www.bleepingcomputer.com/forums/t/682279/linksys-wrt1900acs-parental-controls-wont-work/
Pre assigned DHCP address still says reserved not active.,https://www.bleepingcomputer.com/forums/t/682273/pre-assigned-dhcp-address-still-says-reserved-not-active/
Merge networks,https://www.bleepingcomputer.com/forums/t/681909/merge-networks/
Are there cheap access points which only have a guest network?,https://www.bleepingcomputer.com/forums/t/681802/are-there-cheap-access-points-which-only-have-a-guest-network/
NEED INFO ABOUT ADDING A SWITCH,https://www.bleepingcomputer.com/forums/t/681827/need-info-about-adding-a-switch/
Wifi signal strength,https://www.bleepingcomputer.com/forums/t/681367/wifi-signal-strength/
Bandwidth limited by access point,https://www.bleepingcomputer.com/forums/t/681393/bandwidth-limited-by-access-point/
router bandwidth limit reached?,https://www.bleepingcomputer.com/forums/t/681556/router-bandwidth-limit-reached/
IP ADDRESS,https://www.bleepingcomputer.com/forums/t/681720/ip-address/
NAS connectivity issues on local network,https://www.bleepingcomputer.com/forums/t/681739/nas-connectivity-issues-on-local-network/
"VPN Device, Which one is better ?",https://www.bleepingcomputer.com/forums/t/681763/vpn-device-which-one-is-better/
Computer drops files from the network,https://www.bleepingcomputer.com/forums/t/681571/computer-drops-files-from-the-network/
Connection problems with new router,https://www.bleepingcomputer.com/forums/t/680697/connection-problems-with-new-router/
Computer lab with networking 20 Windows Home pcs,https://www.bleepingcomputer.com/forums/t/680592/computer-lab-with-networking-20-windows-home-pcs/
Is there any kind of new Wi-Fi system available now days?,https://www.bleepingcomputer.com/forums/t/680952/is-there-any-kind-of-new-wi-fi-system-available-now-days/
Which one is better?,https://www.bleepingcomputer.com/forums/t/681099/which-one-is-better/
Network Setup,https://www.bleepingcomputer.com/forums/t/670203/network-setup/
New Home Network Question,https://www.bleepingcomputer.com/forums/t/681401/new-home-network-question/
"QSFP+ optics on QSFP28 ports can support 10G SFP+, is it right?",https://www.bleepingcomputer.com/forums/t/681413/qsfp-optics-on-qsfp28-ports-can-support-10g-sfp-is-it-right/
Enterprise Network Design,https://www.bleepingcomputer.com/forums/t/681349/enterprise-network-design/
Home network focused on security,https://www.bleepingcomputer.com/forums/t/681215/home-network-focused-on-security/
Netgear wireless adapter issues,https://www.bleepingcomputer.com/forums/t/681326/netgear-wireless-adapter-issues/
"New PC, won't show up on network, can't access network drive",https://www.bleepingcomputer.com/forums/t/680610/new-pc-wont-show-up-on-network-cant-access-network-drive/
Discovered interesting bug with Netgear wndr4300 router + XB3 modem (bridged),https://www.bleepingcomputer.com/forums/t/681394/discovered-interesting-bug-with-netgear-wndr4300-router-xb3-modem-bridged/
Change Home Network Name,https://www.bleepingcomputer.com/forums/t/681353/change-home-network-name/
Need to set up WiFi network that does not use internet,https://www.bleepingcomputer.com/forums/t/681355/need-to-set-up-wifi-network-that-does-not-use-internet/
Connecting two 3com 2920-SFP switches,https://www.bleepingcomputer.com/forums/t/681176/connecting-two-3com-2920-sfp-switches/
Win10 Map Network Drive BUT don't wake server on File Explorer Load?,https://www.bleepingcomputer.com/forums/t/681077/win10-map-network-drive-but-dont-wake-server-on-file-explorer-load/
Server Entry Not Finding Server in Windows 10,https://www.bleepingcomputer.com/forums/t/681079/server-entry-not-finding-server-in-windows-10/
Another: I think my computers are throttling download speed,https://www.bleepingcomputer.com/forums/t/680973/another-i-think-my-computers-are-throttling-download-speed/
Need noob help... wifi repeater needs moar gain,https://www.bleepingcomputer.com/forums/t/681022/need-noob-help-wifi-repeater-needs-moar-gain/
Cannot find IP address of wireless bridge to access software,https://www.bleepingcomputer.com/forums/t/680924/cannot-find-ip-address-of-wireless-bridge-to-access-software/
IP Address and Subnet Address Validation,https://www.bleepingcomputer.com/forums/t/680236/ip-address-and-subnet-address-validation/
My Linksys Router Not Working Showing me red light?,https://www.bleepingcomputer.com/forums/t/680741/my-linksys-router-not-working-showing-me-red-light/
Use my third octet of the IP!,https://www.bleepingcomputer.com/forums/t/680752/use-my-third-octet-of-the-ip/
Internet going wild need help,https://www.bleepingcomputer.com/forums/t/680275/internet-going-wild-need-help/
Wanscam HW0036 IP Cameras Offline on 3G,https://www.bleepingcomputer.com/forums/t/680331/wanscam-hw0036-ip-cameras-offline-on-3g/
VPN Reconfiguration in Office,https://www.bleepingcomputer.com/forums/t/680582/vpn-reconfiguration-in-office/
Ultra-slow download speed - typically single machine in household,https://www.bleepingcomputer.com/forums/t/680444/ultra-slow-download-speed-typically-single-machine-in-household/
Possible network security issue,https://www.bleepingcomputer.com/forums/t/680239/possible-network-security-issue/
"Hey all, looking for some advice...",https://www.bleepingcomputer.com/forums/t/680227/hey-all-looking-for-some-advice/
Limited Connections for Standard Local User,https://www.bleepingcomputer.com/forums/t/680452/limited-connections-for-standard-local-user/
Connected but NO Internet Access!!,https://www.bleepingcomputer.com/forums/t/679531/connected-but-no-internet-access/
"Can't connecting using ethernet, but can using WiFi",https://www.bleepingcomputer.com/forums/t/680373/cant-connecting-using-ethernet-but-can-using-wifi/
IP Camera's - Access from Internal and External using External Hostname,https://www.bleepingcomputer.com/forums/t/680218/ip-cameras-access-from-internal-and-external-using-external-hostname/
Why Other Computer IP not able to ping,https://www.bleepingcomputer.com/forums/t/680345/why-other-computer-ip-not-able-to-ping/
Issue with Port-Forwarding,https://www.bleepingcomputer.com/forums/t/680225/issue-with-port-forwarding/
When to switch to Link Local Address,https://www.bleepingcomputer.com/forums/t/679857/when-to-switch-to-link-local-address/
High network ping,https://www.bleepingcomputer.com/forums/t/680198/high-network-ping/
Ping spikes when connected wirelessly,https://www.bleepingcomputer.com/forums/t/680202/ping-spikes-when-connected-wirelessly/
network connectivity issues,https://www.bleepingcomputer.com/forums/t/680092/network-connectivity-issues/
TTnet Turkish ISP blocking remote access (or ports),https://www.bleepingcomputer.com/forums/t/663526/ttnet-turkish-isp-blocking-remote-access-or-ports/
My internet router shows red light and the internet light turns off,https://www.bleepingcomputer.com/forums/t/679967/my-internet-router-shows-red-light-and-the-internet-light-turns-off/
Do I Have a Bad Wireless Router? How can I tell?,https://www.bleepingcomputer.com/forums/t/679864/do-i-have-a-bad-wireless-router-how-can-i-tell/
Wireless router keeps crashing only when laptop is connected,https://www.bleepingcomputer.com/forums/t/679435/wireless-router-keeps-crashing-only-when-laptop-is-connected/
Windows Loopback adapter not participating in local network,https://www.bleepingcomputer.com/forums/t/679856/windows-loopback-adapter-not-participating-in-local-network/
Internet Connection is on and then it's not.,https://www.bleepingcomputer.com/forums/t/679492/internet-connection-is-on-and-then-its-not/
Need direct ethernet line from PC to TV,https://www.bleepingcomputer.com/forums/t/679360/need-direct-ethernet-line-from-pc-to-tv/
No Wifi on Laptop,https://www.bleepingcomputer.com/forums/t/679672/no-wifi-on-laptop/
Friends with the same ISP as myself are unable to join my servers (PC Games),https://www.bleepingcomputer.com/forums/t/679573/friends-with-the-same-isp-as-myself-are-unable-to-join-my-servers-pc-games/
Google home on extended network with a separate SSID and password..,https://www.bleepingcomputer.com/forums/t/679481/google-home-on-extended-network-with-a-separate-ssid-and-password/
Download speed slow on PC but internet fast,https://www.bleepingcomputer.com/forums/t/679351/download-speed-slow-on-pc-but-internet-fast/
WiFi connected but no Internet access - very frustrating!,https://www.bleepingcomputer.com/forums/t/642267/wifi-connected-but-no-internet-access-very-frustrating/
I need help with a D-link DIR-819 router.,https://www.bleepingcomputer.com/forums/t/678829/i-need-help-with-a-d-link-dir-819-router/
I can't access a working device on my network,https://www.bleepingcomputer.com/forums/t/679205/i-cant-access-a-working-device-on-my-network/
Access to my files remotely via VPN - ASUS RT-AC56U?,https://www.bleepingcomputer.com/forums/t/679200/access-to-my-files-remotely-via-vpn-asus-rt-ac56u/
Win XP computer internet connectivity issues...,https://www.bleepingcomputer.com/forums/t/679280/win-xp-computer-internet-connectivity-issues/
Why the Huawei S2700 switch cannot transparently transmit the packets?,https://www.bleepingcomputer.com/forums/t/679063/why-the-huawei-s2700-switch-cannot-transparently-transmit-the-packets/
Replacing microsoft TMG with proxy server to block internet for VLAN,https://www.bleepingcomputer.com/forums/t/679135/replacing-microsoft-tmg-with-proxy-server-to-block-internet-for-vlan/
Problem setting up N600 and WAC104 AP,https://www.bleepingcomputer.com/forums/t/678324/problem-setting-up-n600-and-wac104-ap/
Could not connect to the network,https://www.bleepingcomputer.com/forums/t/678672/could-not-connect-to-the-network/
Can a satellite unit on a mesh home wifi system be used to set up a network?,https://www.bleepingcomputer.com/forums/t/678317/can-a-satellite-unit-on-a-mesh-home-wifi-system-be-used-to-set-up-a-network/
Modem Names,https://www.bleepingcomputer.com/forums/t/679137/modem-names/
"home network, file sharing",https://www.bleepingcomputer.com/forums/t/679037/home-network-file-sharing/
My connection drops out randomly and comes back without restarting the router.,https://www.bleepingcomputer.com/forums/t/678875/my-connection-drops-out-randomly-and-comes-back-without-restarting-the-router/
Accessing my harddrive at home while traveling,https://www.bleepingcomputer.com/forums/t/470681/accessing-my-harddrive-at-home-while-traveling/
Network issue for Android-to-Win10 connection,https://www.bleepingcomputer.com/forums/t/678825/network-issue-for-android-to-win10-connection/
I need help with a D-link DIR-819 router.,https://www.bleepingcomputer.com/forums/t/678836/i-need-help-with-a-d-link-dir-819-router/
"how to ""reduce"" internal wifi signal strength on a laptop",https://www.bleepingcomputer.com/forums/t/678668/how-to-reduce-internal-wifi-signal-strength-on-a-laptop/
"SImple question, moving router to new place with computer..",https://www.bleepingcomputer.com/forums/t/678748/simple-question-moving-router-to-new-place-with-computer/
how do i terminate this,https://www.bleepingcomputer.com/forums/t/678779/how-do-i-terminate-this/
Ethernet connection keeps sleeping,https://www.bleepingcomputer.com/forums/t/678544/ethernet-connection-keeps-sleeping/
Wifi USB Dongle Not Working Properly,https://www.bleepingcomputer.com/forums/t/678454/wifi-usb-dongle-not-working-properly/
Last Disconnected details of the device,https://www.bleepingcomputer.com/forums/t/678738/last-disconnected-details-of-the-device/
Looking for a router recommendation,https://www.bleepingcomputer.com/forums/t/678729/looking-for-a-router-recommendation/
My Wifi speeds are crippling slow but good on my mobile phone. Why,https://www.bleepingcomputer.com/forums/t/678563/my-wifi-speeds-are-crippling-slow-but-good-on-my-mobile-phone-why/
Very slow router downloads over wifi and ethernet,https://www.bleepingcomputer.com/forums/t/678689/very-slow-router-downloads-over-wifi-and-ethernet/
"Tech interview question, could not answer, re: host unreachable",https://www.bleepingcomputer.com/forums/t/677953/tech-interview-question-could-not-answer-re-host-unreachable/
asus dsl-n14ub1 router config to work with 2 isps and airGateway,https://www.bleepingcomputer.com/forums/t/678620/asus-dsl-n14ub1-router-config-to-work-with-2-isps-and-airgateway/
Internet business,https://www.bleepingcomputer.com/forums/t/678627/internet-business/
Suggestions on setting up network,https://www.bleepingcomputer.com/forums/t/677989/suggestions-on-setting-up-network/
How to selectively share files via network on different PCs in v1803?,https://www.bleepingcomputer.com/forums/t/678491/how-to-selectively-share-files-via-network-on-different-pcs-in-v1803/
Internet Connection Problems,https://www.bleepingcomputer.com/forums/t/678105/internet-connection-problems/
need help with a bandwidth problem,https://www.bleepingcomputer.com/forums/t/677943/need-help-with-a-bandwidth-problem/
Wireless printing and VPN,https://www.bleepingcomputer.com/forums/t/646277/wireless-printing-and-vpn/
Cat6 Cable cut in half,https://www.bleepingcomputer.com/forums/t/677949/cat6-cable-cut-in-half/
WIFI interference,https://www.bleepingcomputer.com/forums/t/678039/wifi-interference/
What Have I done!,https://www.bleepingcomputer.com/forums/t/678001/what-have-i-done/
"I think my router has been hacked, cloned or streaming audio/video",https://www.bleepingcomputer.com/forums/t/677321/i-think-my-router-has-been-hacked-cloned-or-streaming-audiovideo/
Desktop PC connecting to a specific router but no internet,https://www.bleepingcomputer.com/forums/t/677915/desktop-pc-connecting-to-a-specific-router-but-no-internet/
Networking,https://www.bleepingcomputer.com/forums/t/677422/networking/
Some home network setup questions,https://www.bleepingcomputer.com/forums/t/677487/some-home-network-setup-questions/
Ports don't open for anything except 1 program,https://www.bleepingcomputer.com/forums/t/677528/ports-dont-open-for-anything-except-1-program/
Wifi dropping,https://www.bleepingcomputer.com/forums/t/677701/wifi-dropping/
Will downloading with utorrent effect other's browsing ?,https://www.bleepingcomputer.com/forums/t/677571/will-downloading-with-utorrent-effect-others-browsing/
How can an ADSL modem support more than 16 mbps?,https://www.bleepingcomputer.com/forums/t/677516/how-can-an-adsl-modem-support-more-than-16-mbps/
Can't ping printer by hostname,https://www.bleepingcomputer.com/forums/t/677472/cant-ping-printer-by-hostname/
RDP work over mobile networks not from home network,https://www.bleepingcomputer.com/forums/t/677411/rdp-work-over-mobile-networks-not-from-home-network/
Problem with hacked network,https://www.bleepingcomputer.com/forums/t/677297/problem-with-hacked-network/
"Looking for most resource-friendly network monitor software, ideas, etc.",https://www.bleepingcomputer.com/forums/t/677217/looking-for-most-resource-friendly-network-monitor-software-ideas-etc/
Disabled Remote Access,https://www.bleepingcomputer.com/forums/t/677038/disabled-remote-access/
Windows 10 device only uses 8-20mbps on 100mbps connection with ethernet,https://www.bleepingcomputer.com/forums/t/677325/windows-10-device-only-uses-8-20mbps-on-100mbps-connection-with-ethernet/
Router installation,https://www.bleepingcomputer.com/forums/t/677316/router-installation/
Connect 2 ip cams to pc through switch only?,https://www.bleepingcomputer.com/forums/t/677164/connect-2-ip-cams-to-pc-through-switch-only/
Can't print over wifi from one of two PCs,https://www.bleepingcomputer.com/forums/t/676318/cant-print-over-wifi-from-one-of-two-pcs/
Ipv6 no internet access,https://www.bleepingcomputer.com/forums/t/674574/ipv6-no-internet-access/
Router security,https://www.bleepingcomputer.com/forums/t/677099/router-security/
Wireless N Connection Constantly Drops To 5.5 Mbps,https://www.bleepingcomputer.com/forums/t/671921/wireless-n-connection-constantly-drops-to-55-mbps/
Installing a Router,https://www.bleepingcomputer.com/forums/t/676947/installing-a-router/
Sending all outgoing network data packets to another comp. 1st,https://www.bleepingcomputer.com/forums/t/676745/sending-all-outgoing-network-data-packets-to-another-comp-1st/
"Switch keeps locking up, even after replacing it",https://www.bleepingcomputer.com/forums/t/676778/switch-keeps-locking-up-even-after-replacing-it/
Archer C5 no longer will let me connect through web interface.,https://www.bleepingcomputer.com/forums/t/676785/archer-c5-no-longer-will-let-me-connect-through-web-interface/
"Super slow download speed, but not upload speed.",https://www.bleepingcomputer.com/forums/t/675573/super-slow-download-speed-but-not-upload-speed/
NEW Wanscam Setup Help!!!!,https://www.bleepingcomputer.com/forums/t/570005/new-wanscam-setup-help/
Speedtest,https://www.bleepingcomputer.com/forums/t/675915/speedtest/
Network Gateway Issues,https://www.bleepingcomputer.com/forums/t/676205/network-gateway-issues/
Zyxel router: reset to switch,https://www.bleepingcomputer.com/forums/t/675738/zyxel-router-reset-to-switch/
Port forwarding trouble - the port is occupied,https://www.bleepingcomputer.com/forums/t/674895/port-forwarding-trouble-the-port-is-occupied/
Realtek PCIe GBE controller intermittently working...,https://www.bleepingcomputer.com/forums/t/674468/realtek-pcie-gbe-controller-intermittently-working/
How to allow smart tv on network but not internet,https://www.bleepingcomputer.com/forums/t/674968/how-to-allow-smart-tv-on-network-but-not-internet/
"Hi,Experts! ! Can You Help Me??",https://www.bleepingcomputer.com/forums/t/675713/hiexperts-can-you-help-me/
new router won't recognize server,https://www.bleepingcomputer.com/forums/t/675241/new-router-wont-recognize-server/
"Identifying and removing a ""Hidden Network""",https://www.bleepingcomputer.com/forums/t/675634/identifying-and-removing-a-hidden-network/
Custom CAT6A cable not reaching 1000mpbs,https://www.bleepingcomputer.com/forums/t/675872/custom-cat6a-cable-not-reaching-1000mpbs/
Constant Disconnect From Multiplayer,https://www.bleepingcomputer.com/forums/t/672507/constant-disconnect-from-multiplayer/
ANY guide how to portforward ASUS DSL-N10_C1 ?,https://www.bleepingcomputer.com/forums/t/674522/any-guide-how-to-portforward-asus-dsl-n10-c1/
Port forwarding to port 5000 won't work,https://www.bleepingcomputer.com/forums/t/675592/port-forwarding-to-port-5000-wont-work/
"Replaced SSD, No ethernet controller",https://www.bleepingcomputer.com/forums/t/675518/replaced-ssd-no-ethernet-controller/
Slow Wifi Alienware 17 r2,https://www.bleepingcomputer.com/forums/t/675368/slow-wifi-alienware-17-r2/
Port 2012,https://www.bleepingcomputer.com/forums/t/675101/port-2012/
SPAN off of a WAN port?,https://www.bleepingcomputer.com/forums/t/675190/span-off-of-a-wan-port/
Vodafone Ultrahub,https://www.bleepingcomputer.com/forums/t/674827/vodafone-ultrahub/
how to fix time out,https://www.bleepingcomputer.com/forums/t/674893/how-to-fix-time-out/
How to see and detect bandwidth use by internet users,https://www.bleepingcomputer.com/forums/t/674990/how-to-see-and-detect-bandwidth-use-by-internet-users/
My computer won't recognize the Ethernet cable that's plugged in,https://www.bleepingcomputer.com/forums/t/675055/my-computer-wont-recognize-the-ethernet-cable-thats-plugged-in/
"Back from vacation, Ethernet-connected desktop is unbelievably bad speeds, while",https://www.bleepingcomputer.com/forums/t/675069/back-from-vacation-ethernet-connected-desktop-is-unbelievably-bad-speeds-while/
Pc is connecting to my usual network but cant access internet but can on others?,https://www.bleepingcomputer.com/forums/t/674988/pc-is-connecting-to-my-usual-network-but-cant-access-internet-but-can-on-others/
HP Switch and iSCSI,https://www.bleepingcomputer.com/forums/t/675060/hp-switch-and-iscsi/
Router for a place saturated with other Wi-Fi networks,https://www.bleepingcomputer.com/forums/t/674964/router-for-a-place-saturated-with-other-wi-fi-networks/
Having trouble adding a second wireless router and connectivity.,https://www.bleepingcomputer.com/forums/t/674270/having-trouble-adding-a-second-wireless-router-and-connectivity/
Cloudfare 1.1.1.1,https://www.bleepingcomputer.com/forums/t/674602/cloudfare-1111/
PC not acknwledging a cat5 lead but will see a cat6,https://www.bleepingcomputer.com/forums/t/674748/pc-not-acknwledging-a-cat5-lead-but-will-see-a-cat6/
Can't connect to one website,https://www.bleepingcomputer.com/forums/t/674653/cant-connect-to-one-website/
Homegroup Password & where to find it and possibly change it.,https://www.bleepingcomputer.com/forums/t/674599/homegroup-password-where-to-find-it-and-possibly-change-it/
WD My Cloud Question.,https://www.bleepingcomputer.com/forums/t/674568/wd-my-cloud-question/
Help with setting up HP 24 port Switch,https://www.bleepingcomputer.com/forums/t/674294/help-with-setting-up-hp-24-port-switch/
Ready to Pull My Hair Out! Wi-Fi Issues,https://www.bleepingcomputer.com/forums/t/674040/ready-to-pull-my-hair-out-wi-fi-issues/
Adding another access point,https://www.bleepingcomputer.com/forums/t/674318/adding-another-access-point/
"""Logon failure: The user has not been granted the requested logon type",https://www.bleepingcomputer.com/forums/t/623943/logon-failure-the-user-has-not-been-granted-the-requested-logon-type/
DHCP lookup failed wirelessly + Unidentified network on wired,https://www.bleepingcomputer.com/forums/t/674267/dhcp-lookup-failed-wirelessly-unidentified-network-on-wired/
Intermittent internet drops,https://www.bleepingcomputer.com/forums/t/674256/intermittent-internet-drops/
Network Diagnostics & Testing,https://www.bleepingcomputer.com/forums/t/673988/network-diagnostics-testing/
Ethernet cable types,https://www.bleepingcomputer.com/forums/t/673629/ethernet-cable-types/
Cable internet micro-stuttering,https://www.bleepingcomputer.com/forums/t/673540/cable-internet-micro-stuttering/
remote desktop issue,https://www.bleepingcomputer.com/forums/t/673755/remote-desktop-issue/
two computers for one printer,https://www.bleepingcomputer.com/forums/t/673550/two-computers-for-one-printer/
Setting up secure network(s) with roommate,https://www.bleepingcomputer.com/forums/t/673108/setting-up-secure-networks-with-roommate/
VPN router,https://www.bleepingcomputer.com/forums/t/673561/vpn-router/
New router maybe?,https://www.bleepingcomputer.com/forums/t/616006/new-router-maybe/
Question about internet upload/download speeds,https://www.bleepingcomputer.com/forums/t/673091/question-about-internet-uploaddownload-speeds/
Intermittent UDP drops in Windows 10 OS,https://www.bleepingcomputer.com/forums/t/673326/intermittent-udp-drops-in-windows-10-os/
Workplace Browsing on Personal Hotspot,https://www.bleepingcomputer.com/forums/t/672559/workplace-browsing-on-personal-hotspot/
several new temp ipv6 addresses?,https://www.bleepingcomputer.com/forums/t/673153/several-new-temp-ipv6-addresses/
Best network diagram software - free or paid...,https://www.bleepingcomputer.com/forums/t/456492/best-network-diagram-software-free-or-paid/
Data Communication & Computer Networking,https://www.bleepingcomputer.com/forums/t/672934/data-communication-computer-networking/
"Unidentified network, can't connect to the Internet",https://www.bleepingcomputer.com/forums/t/672985/unidentified-network-cant-connect-to-the-internet/
Creating Network/Subnets from Existing Network,https://www.bleepingcomputer.com/forums/t/672566/creating-networksubnets-from-existing-network/
Packetloss on brand new fiberoptics connection,https://www.bleepingcomputer.com/forums/t/672735/packetloss-on-brand-new-fiberoptics-connection/
What is the best Gear & Way to Route Internet through the Home Power Lines?,https://www.bleepingcomputer.com/forums/t/672730/what-is-the-best-gear-way-to-route-internet-through-the-home-power-lines/
"Switch, Switch, Who Has The Switch?",https://www.bleepingcomputer.com/forums/t/672734/switch-switch-who-has-the-switch/
NO INTERNET ACCESS/NO INTERNET CONNECTION,https://www.bleepingcomputer.com/forums/t/672184/no-internet-accessno-internet-connection/
In need of a Network Jedi to Obi-Wan Kenobi my connection issue!,https://www.bleepingcomputer.com/forums/t/672418/in-need-of-a-network-jedi-to-obi-wan-kenobi-my-connection-issue/
"New Cable Modem, Now IPv6 and I DON'T LIKE IT",https://www.bleepingcomputer.com/forums/t/670490/new-cable-modem-now-ipv6-and-i-dont-like-it/
